dataset,technique_type,query_index,ap,auc,lag_normalized_inverted,query_id
Drone,DIRECT,28,0.4010839013760253,0.6779446640316206,0.6358620689655172,53
Drone,DIRECT,18,0.3551220501504475,0.5885375494071147,0.525485893416928,37
Drone,HYBRID,16,0.3486737366851935,0.6806587615283267,0.6338871473354232,29
Drone,HYBRID,23,0.4663574645987619,0.721133069828722,0.6820376175548589,48
Drone,DIRECT,16,0.2639994575836147,0.5306719367588932,0.4136990595611285,29
Drone,TRANSITIVE,1,0.4500366337716692,0.730909090909091,0.6936677115987461,2
Drone,TRANSITIVE,2,0.441672634096919,0.7072990777338604,0.6655799373040753,3
Drone,TRANSITIVE,3,0.4573438255684868,0.7414756258234521,0.7062382445141066,4
Drone,TRANSITIVE,4,0.4968620164619673,0.7303820816864296,0.6930407523510972,6
Drone,TRANSITIVE,5,0.4574346565828384,0.713227931488801,0.6726332288401254,7
Drone,TRANSITIVE,6,0.4468456647890889,0.7133596837944665,0.6727899686520377,8
Drone,TRANSITIVE,0,0.4276195756407713,0.7209222661396575,0.6817868338557994,0
Drone,TRANSITIVE,8,0.4399718856664325,0.7038998682476945,0.6615360501567398,10
Drone,TRANSITIVE,15,0.4805158920235376,0.7389459815546772,0.7032288401253919,28
Drone,HYBRID,25,0.4518554902552467,0.7219235836627143,0.6829780564263322,50
Drone,HYBRID,26,0.2,0.9911894273127754,1.0,51
Drone,HYBRID,27,0.4641746033732808,0.7394993412384717,0.7038871473354232,52
Drone,HYBRID,0,0.3307682991521168,0.6644005270092227,0.6145454545454545,0
Drone,HYBRID,1,0.3471325129596042,0.6690118577075099,0.6200313479623825,2
Drone,HYBRID,2,0.3974932052339064,0.6625032938076417,0.6122884012539185,3
Drone,HYBRID,3,0.4312828373752707,0.7065085638998683,0.664639498432602,4
Drone,HYBRID,5,0.4336626458330598,0.6737022397891963,0.6256112852664577,7
Drone,HYBRID,6,0.4304272784094352,0.6852437417654809,0.6393416927899687,8
Drone,HYBRID,28,0.4804576073815736,0.7636100131752306,0.7325705329153606,53
Drone,HYBRID,8,0.4242713355821352,0.6778392621870883,0.6305329153605016,10
Drone,HYBRID,9,0.3695684008907467,0.6561001317523056,0.6046708463949844,15
Drone,HYBRID,10,0.4651773333058589,0.6916205533596838,0.6469278996865204,16
Drone,HYBRID,11,0.45803223892579,0.721923583662714,0.6829780564263322,23
Drone,DIRECT,19,0.337422264194984,0.5917786561264822,0.5094984326018809,39
Drone,DIRECT,20,0.3627684233747128,0.6126218708827404,0.5574921630094044,41
Drone,DIRECT,21,0.3366424912532501,0.5820553359683794,0.5174921630094044,44
Drone,DIRECT,23,0.3981077991209807,0.6502371541501977,0.5976175548589342,48
Drone,TRANSITIVE,9,0.4378781108603339,0.7122002635046113,0.67141065830721,15
Drone,TRANSITIVE,19,0.4266244985713983,0.702608695652174,0.66,39
Drone,TRANSITIVE,20,0.4463942130713861,0.7163899868247694,0.6763949843260189,41
Drone,TRANSITIVE,22,0.4654572216373471,0.728695652173913,0.6910344827586207,45
Drone,TRANSITIVE,29,0.4450674868924025,0.7331225296442689,0.6963009404388715,54
Drone,TRANSITIVE,24,0.5091339853489395,0.7422134387351779,0.707115987460815,49
Drone,TRANSITIVE,25,0.5118003463559859,0.7407114624505929,0.7053291536050157,50
Drone,TRANSITIVE,26,0.1,0.9801762114537445,0.9827586206896551,51
Drone,TRANSITIVE,27,0.4645577507909308,0.7374967061923583,0.7015047021943573,52
Drone,TRANSITIVE,28,0.5194783977969644,0.7703293807641635,0.740564263322884,53
Drone,TRANSITIVE,16,0.4876510377700311,0.7376811594202899,0.7017241379310345,29
Drone,TRANSITIVE,18,0.4386168103426777,0.7095652173913044,0.6682758620689655,37
Drone,TRANSITIVE,23,0.5274389066369873,0.7429512516469038,0.7079937304075234,48
Drone,HYBRID,12,0.4029238093290352,0.6879314888010539,0.6425391849529781,24
Drone,HYBRID,29,0.4475543572290156,0.7376284584980236,0.7016614420062696,54
Drone,TRANSITIVE,13,0.0033898305084745,0.3524229074889867,0.0,26
Drone,HYBRID,24,0.4477627731182151,0.7189723320158101,0.6794670846394985,49
Drone,HYBRID,21,0.4541274287714144,0.719235836627141,0.6797805642633229,44
Drone,HYBRID,20,0.4137940192854128,0.6881422924901186,0.6427899686520376,41
Drone,HYBRID,19,0.3958299667808906,0.6699868247694334,0.6211912225705329,39
Drone,HYBRID,18,0.4056902690550054,0.6786034255599472,0.6314420062695925,37
Drone,HYBRID,17,0.3894065961640902,0.9028889662373826,0.8657824933687003,35
Drone,DIRECT,0,0.2456774679883114,0.5225164690382083,0.44501567398119124,0
Drone,DIRECT,29,0.3410207744599363,0.6244795783926219,0.5224764890282132,54
Drone,DIRECT,27,0.4104362012458784,0.6552832674571806,0.5755799373040753,52
Drone,DIRECT,26,0.2,0.9911894273127752,1.0,51
Drone,DIRECT,25,0.3835564004361596,0.6473386034255599,0.5961442006269593,50
Drone,DIRECT,24,0.3505558620740291,0.613596837944664,0.5599059561128527,49
Drone,TRANSITIVE,14,0.4648857510567799,0.724137022397892,0.6856112852664576,27
Drone,HYBRID,7,0.4143883177344072,0.6793412384716733,0.632319749216301,9
Drone,HYBRID,4,0.4509123627363511,0.7084584980237154,0.6669592476489028,6
Drone,DIRECT,17,0.4895583468623147,0.9298642533936652,0.906896551724138,35
Drone,TRANSITIVE,12,0.4276674570763206,0.706429512516469,0.6645454545454546,24
Drone,DIRECT,22,0.3903024672777777,0.6120421607378128,0.5515987460815047,45
Drone,DIRECT,12,0.3493468385463576,0.6029117259552041,0.5300626959247648,24
Drone,DIRECT,13,0.005524861878453,0.6035242290748899,0.3931034482758621,26
Drone,DIRECT,14,0.3588998375125186,0.6505401844532279,0.562884012539185,27
Drone,DIRECT,1,0.2512809224867386,0.5487220026350461,0.47677115987460816,2
Drone,HYBRID,14,0.4260177956388826,0.7172332015810277,0.6773981191222571,27
Drone,DIRECT,3,0.369071586603641,0.6334914361001316,0.5706583072100314,4
Drone,DIRECT,4,0.3544243585905201,0.5877997364953886,0.4847335423197492,6
Drone,DIRECT,6,0.3869449445907472,0.609802371541502,0.5375548589341693,8
Drone,DIRECT,5,0.3985088890259025,0.598129117259552,0.5353918495297805,7
Drone,DIRECT,8,0.3919094999979531,0.6118577075098814,0.5557366771159874,10
Drone,DIRECT,9,0.2876231103287201,0.5688142292490118,0.46394984326018807,15
Drone,DIRECT,10,0.4051342956930387,0.6070355731225296,0.5224764890282132,16
Drone,DIRECT,11,0.3995366580049112,0.6689591567852436,0.6170532915360503,23
Drone,DIRECT,7,0.3741753445855897,0.6144137022397892,0.5549529780564263,9
Drone,HYBRID,13,0.0037037037037037,0.4074889867841409,0.0862068965517242,26
Drone,TRANSITIVE,7,0.4388717466192839,0.7078787878787879,0.666269592476489,9
Drone,TRANSITIVE,10,0.4606557750808435,0.7231357048748353,0.6844200626959248,16
Drone,DIRECT,2,0.3483751232917617,0.5883267457180501,0.5246394984326019,3
Drone,DIRECT,15,0.2813609708913124,0.5658234519104085,0.46783699059561135,28
Drone,HYBRID,22,0.4422605487841291,0.6984453227931489,0.6550470219435737,45
Drone,HYBRID,15,0.3723791501746438,0.7042951251646904,0.6620062695924765,28
Drone,TRANSITIVE,21,0.4931048490512686,0.7360737812911726,0.6998119122257054,44
Drone,TRANSITIVE,17,0.0658179744749944,0.7203271841280892,0.5875331564986738,35
Drone,TRANSITIVE,11,0.4936969649467391,0.7401317523056654,0.7046394984326019,23
TrainController,TRANSITIVE,38,0.0151515151515151,0.8883161512027492,0.87,61
TrainController,TRANSITIVE,34,0.0178571428571428,0.9054982817869416,0.89,57
TrainController,TRANSITIVE,64,0.6603885826628338,0.6663290781478166,0.8104749163879599,112
TrainController,TRANSITIVE,62,0.653696150539457,0.6615949879881295,0.8077859531772575,100
TrainController,TRANSITIVE,61,0.003690036900369,0.5360824742268041,0.45999999999999996,98
TrainController,TRANSITIVE,63,0.2037394403248061,0.8506643558636626,0.8276666666666667,104
TrainController,TRANSITIVE,72,0.7219421886067274,0.7497998021574261,0.8578862876254181,121
TrainController,TRANSITIVE,71,0.7060272806144616,0.7326298930707994,0.8481337792642141,120
TrainController,TRANSITIVE,0,0.0344827586206896,0.9518900343642612,0.944,1
TrainController,TRANSITIVE,70,0.689755335582062,0.7025648876536813,0.831056856187291,119
TrainController,TRANSITIVE,99,0.652567501638408,0.7072400960949644,0.8337123745819398,167
TrainController,TRANSITIVE,83,0.0384057971014492,0.9371772805507744,0.927,148
TrainController,TRANSITIVE,100,0.4592446300273624,0.9705802968960864,0.9664615384615385,168
TrainController,TRANSITIVE,133,0.0666666666666666,0.9759450171821306,0.972,210
TrainController,TRANSITIVE,68,0.6953405845922829,0.7161783409487023,0.8387892976588629,117
TrainController,TRANSITIVE,76,0.6345306294326833,0.6327429459701354,0.7913979933110368,134
TrainController,TRANSITIVE,132,0.1,0.9845360824742267,0.982,205
TrainController,TRANSITIVE,131,1.0,1.0,1.0,204
TrainController,TRANSITIVE,130,1.0,1.0,1.0,203
TrainController,TRANSITIVE,129,0.7080070492376992,0.7025413349663197,0.8310434782608696,202
TrainController,TRANSITIVE,128,0.6641929630652004,0.672511658580244,0.8139866220735785,201
TrainController,TRANSITIVE,127,0.6327145031813408,0.6442602100899713,0.7979397993311037,200
TrainController,TRANSITIVE,126,0.6459679335826243,0.6529629280700928,0.8028829431438127,199
TrainController,TRANSITIVE,59,0.6573135850536261,0.6868670215271563,0.8221404682274247,95
TrainController,TRANSITIVE,32,0.017375194407437,0.5814558058925476,0.517,55
TrainController,TRANSITIVE,2,0.0133761797866695,0.4387637203928365,0.3523333333333334,4
TrainController,TRANSITIVE,1,0.6543065504787475,0.685230109755523,0.8212107023411371,3
TrainController,TRANSITIVE,41,0.6456114713220151,0.6841702388242499,0.8206086956521739,65
TrainController,TRANSITIVE,47,0.6520206313195591,0.6553417494936172,0.8042341137123745,72
TrainController,TRANSITIVE,46,0.6461598081531821,0.65408168071977,0.8035183946488295,71
TrainController,TRANSITIVE,45,0.0071942446043165,0.7628865979381444,0.724,70
TrainController,TRANSITIVE,44,0.0079819192909064,0.5557471264367816,0.4846666666666666,68
TrainController,TRANSITIVE,43,0.6325866679089375,0.6406802016110038,0.7959063545150502,67
TrainController,TRANSITIVE,42,0.6959056861720434,0.7001271845117527,0.8296722408026755,66
TrainController,TRANSITIVE,39,0.672452021575525,0.6919779546846294,0.8250434782608695,62
TrainController,TRANSITIVE,37,0.0022371364653243,0.2336769759450171,0.10799999999999998,60
TrainController,TRANSITIVE,5,0.6023538602748865,0.6258537849168591,0.787484949832776,8
TrainController,TRANSITIVE,48,0.6203930248706041,0.5933157473267701,0.7690033444816053,74
TrainController,TRANSITIVE,15,0.7000950814040929,0.6866432709972208,0.8220133779264214,35
TrainController,TRANSITIVE,36,0.0019960079840319,0.140893470790378,0.0,59
TrainController,TRANSITIVE,49,0.6283692268238061,0.5940341042912998,0.7694113712374582,75
TrainController,TRANSITIVE,56,0.6631491789767802,0.6988906684252674,0.8289698996655519,92
TrainController,TRANSITIVE,73,0.1666666666666666,0.9914089347079036,0.99,122
TrainController,TRANSITIVE,4,0.6712255659740135,0.7164491968533611,0.8389431438127091,6
TrainController,TRANSITIVE,18,0.6290951260939759,0.6566606999858684,0.8049832775919732,38
TrainController,TRANSITIVE,6,0.6542294864341868,0.7003391586980074,0.8297926421404682,9
TrainController,TRANSITIVE,102,1.0,1.0,1.0,170
TrainController,TRANSITIVE,125,0.7260644717755556,0.6834165528286777,0.820180602006689,198
TrainController,TRANSITIVE,74,0.6788925475989837,0.6975599415893352,0.8282140468227425,125
TrainController,TRANSITIVE,3,0.6632299520223677,0.671687314522587,0.8135183946488294,5
TrainController,TRANSITIVE,40,0.6673712540613438,0.7056385133543738,0.8328026755852843,63
TrainController,TRANSITIVE,35,0.0476190476190476,0.9656357388316152,0.96,58
TrainController,TRANSITIVE,124,0.6513413132026526,0.6489707475622969,0.8006153846153846,197
TrainController,DIRECT,0,1.0,1.0,1.0,1
TrainController,TRANSITIVE,77,0.6804467736882038,0.6747373875359179,0.8152508361204014,135
TrainController,TRANSITIVE,24,0.0113829830471259,0.4361640670132871,0.3493333333333334,46
TrainController,TRANSITIVE,23,0.7024286470032444,0.6923076923076923,0.8252307692307692,45
TrainController,TRANSITIVE,22,0.2861388457822153,0.9570934256055365,0.9504,43
TrainController,TRANSITIVE,21,0.0900821292250018,0.8361673414304994,0.8132307692307692,42
TrainController,TRANSITIVE,20,0.6605296247522152,0.7032479155871685,0.8314448160535117,41
TrainController,TRANSITIVE,19,0.3909273614699971,0.9610917537746808,0.9553333333333334,40
TrainController,TRANSITIVE,17,0.6952878208930515,0.6957934900372132,0.8272107023411371,37
TrainController,TRANSITIVE,29,0.6913383061017023,0.6995148146403505,0.829324414715719,52
TrainController,TRANSITIVE,31,0.0434782608695652,0.9621993127147768,0.956,54
TrainController,TRANSITIVE,16,0.009650529159092,0.5873563218390805,0.5213333333333334,36
TrainController,TRANSITIVE,14,0.6931042181633836,0.6971006641857835,0.827953177257525,34
TrainController,TRANSITIVE,13,0.666856193266593,0.6946747373875359,0.8265752508361204,33
TrainController,TRANSITIVE,12,0.024390243902439,0.9312714776632304,0.92,28
TrainController,TRANSITIVE,11,0.6692732263280952,0.6700032973762307,0.812561872909699,27
TrainController,TRANSITIVE,10,0.0042115286017725,0.3984509466437177,0.30099999999999993,23
TrainController,HYBRID,63,0.0420251944073336,0.8249566724436741,0.798,104
TrainController,TRANSITIVE,8,0.0434782608695652,0.9621993127147764,0.956,11
TrainController,TRANSITIVE,28,0.6775083632142768,0.6947807244806633,0.8266354515050167,50
TrainController,TRANSITIVE,30,0.6984917711501915,0.7063804230062649,0.8332240802675586,53
TrainController,TRANSITIVE,120,0.2101449275362318,0.9802065404475044,0.977,193
TrainController,TRANSITIVE,101,0.6862318340001172,0.7131400442790523,0.8370635451505017,169
TrainController,TRANSITIVE,119,0.2142857142857142,0.9819277108433736,0.979,192
TrainController,TRANSITIVE,118,0.6831518018962583,0.7146238635828348,0.8379063545150501,191
TrainController,TRANSITIVE,117,0.6787203819054789,0.7234796740308069,0.8429364548494983,190
TrainController,TRANSITIVE,103,0.9166666666666664,0.999425287356322,0.9993333333333333,171
TrainController,TRANSITIVE,25,0.6855543962538825,0.6923665740260965,0.8252642140468227,47
TrainController,TRANSITIVE,75,0.7066871760728752,0.7434288002261058,0.8542675585284281,127
TrainController,TRANSITIVE,26,0.6950331510015011,0.6907414385981442,0.8243411371237458,48
TrainController,TRANSITIVE,7,0.6192493043494296,0.6230156860897829,0.7858729096989966,10
TrainController,TRANSITIVE,122,0.6281861495145811,0.6501248292430166,0.8012709030100335,195
TrainController,TRANSITIVE,96,0.7060393833072347,0.7113971454142918,0.8360735785953177,163
TrainController,TRANSITIVE,86,0.6792732988145388,0.7107729991992086,0.8357190635451505,151
TrainController,TRANSITIVE,87,0.7070283314010268,0.7002920533232841,0.8297658862876254,152
TrainController,TRANSITIVE,88,0.6757986006854256,0.7009515285694098,0.8301404682274247,153
TrainController,TRANSITIVE,89,0.0588235294117647,0.972508591065292,0.968,155
TrainController,TRANSITIVE,90,0.0227272727272727,0.9261168384879724,0.914,156
TrainController,TRANSITIVE,91,1.0,1.0,1.0,157
TrainController,TRANSITIVE,94,0.6867218843986282,0.7270950115408169,0.8449899665551839,161
TrainController,TRANSITIVE,93,0.0099009900990099,0.8281786941580757,0.8,159
TrainController,TRANSITIVE,95,0.6852284642258465,0.7127043195628622,0.8368160535117057,162
TrainController,TRANSITIVE,97,0.6804606833249531,0.7130693862169675,0.8370234113712375,164
TrainController,TRANSITIVE,78,0.0118318270396783,0.6971264367816092,0.6486666666666667,137
TrainController,TRANSITIVE,98,0.6637751325887803,0.7122097131282679,0.8365351170568562,165
TrainController,TRANSITIVE,85,0.6640649308857328,0.6966413867822319,0.8276923076923077,150
TrainController,TRANSITIVE,92,0.6610192464030129,0.7017169909086626,0.8305752508361204,158
TrainController,TRANSITIVE,84,0.6838687856205987,0.7134580055584343,0.8372441471571906,149
TrainController,TRANSITIVE,69,0.706974249492273,0.7349498327759197,0.8494515050167224,118
TrainController,TRANSITIVE,50,0.6194783793651291,0.595152856940977,0.7700468227424749,76
TrainController,TRANSITIVE,82,0.6601264223443045,0.7071223326581564,0.8336454849498327,147
TrainController,TRANSITIVE,81,0.6618271938140966,0.6883743935183005,0.8229966555183946,146
TrainController,TRANSITIVE,80,0.6654156197334284,0.6466037024824534,0.7992709030100335,141
TrainController,TRANSITIVE,79,0.6592714571991201,0.6604880116821329,0.8071571906354515,139
TrainController,TRANSITIVE,123,0.7368221054198743,0.702329360780065,0.8309230769230769,196
TrainController,TRANSITIVE,121,0.5833240781560036,0.6058222243157945,0.7761070234113713,194
TrainController,TRANSITIVE,27,0.0094146259802141,0.3835932986712883,0.2886666666666666,49
TrainController,TRANSITIVE,51,0.0070022628831395,0.4999999999999999,0.42000000000000004,79
TrainController,HYBRID,19,0.6561676522460836,0.9914827719705768,0.9902222222222222,40
TrainController,TRANSITIVE,53,0.6566199787351321,0.6513966743605445,0.8019933110367893,86
TrainController,HYBRID,65,0.0484064785967879,0.5427498555748123,0.4723333333333334,114
TrainController,HYBRID,44,0.0058696500652211,0.4413793103448276,0.352,68
TrainController,HYBRID,43,0.6108815876227964,0.6378067737528852,0.7942742474916388,67
TrainController,HYBRID,42,0.6896947993349729,0.6971830985915493,0.828,66
TrainController,HYBRID,41,0.6276620495179016,0.6499010787130812,0.80114381270903,65
TrainController,HYBRID,48,0.6099084166856574,0.614713363794809,0.7811571906354515,74
TrainController,HYBRID,40,0.657587099840011,0.6801898346601347,0.8183478260869566,63
TrainController,HYBRID,39,0.6559969678254396,0.6762918649017853,0.816133779264214,62
TrainController,HYBRID,38,0.3333333333333333,0.9965635738831616,0.996,61
TrainController,HYBRID,37,0.0028328611898017,0.3951890034364261,0.29600000000000004,60
TrainController,HYBRID,36,0.0022522522522522,0.2388316151202749,0.11399999999999999,59
TrainController,HYBRID,35,0.0263157894736842,0.936426116838488,0.926,58
TrainController,HYBRID,34,0.0078125,0.781786941580756,0.746,57
TrainController,HYBRID,133,0.0909090909090909,0.9828178694158076,0.98,210
TrainController,HYBRID,30,0.6563504208354612,0.6786118046069056,0.8174515050167224,53
TrainController,HYBRID,17,0.6556488029575545,0.6534104291299637,0.8031371237458194,37
TrainController,HYBRID,71,0.6632930035961314,0.6745254133496632,0.8151304347826087,120
TrainController,HYBRID,67,0.643223274284936,0.6606057751189411,0.8072240802675585,116
TrainController,HYBRID,101,0.6842460998166048,0.7128456356870319,0.836896321070234,169
TrainController,HYBRID,115,0.6455729848550527,0.6759739036224033,0.815953177257525,188
TrainController,HYBRID,99,0.648676716952928,0.7065923971925198,0.8333444816053512,167
TrainController,HYBRID,75,0.697869079663908,0.7179094634697818,0.8397725752508362,127
TrainController,HYBRID,81,0.5913608072884673,0.6242286494889068,0.786561872909699,146
TrainController,HYBRID,14,0.6164958090239134,0.6371826275378021,0.7939197324414716,34
TrainController,HYBRID,80,0.6877125663233156,0.6873734043054313,0.822428093645485,141
TrainController,HYBRID,78,0.0128031222483996,0.7419540229885058,0.7006666666666667,137
TrainController,HYBRID,77,0.6319240113560017,0.6500895002119741,0.8012508361204014,135
TrainController,HYBRID,76,0.6211265130113037,0.6324367610344341,0.7912240802675585,134
TrainController,HYBRID,74,0.6366433273902705,0.6453789627396485,0.7985752508361204,125
TrainController,HYBRID,83,1.0,1.0,1.0,148
TrainController,HYBRID,73,1.0,1.0,1.0,122
TrainController,HYBRID,79,0.6587221667143679,0.6819562862122569,0.8193511705685619,139
TrainController,HYBRID,0,1.0,1.0,1.0,1
TrainController,HYBRID,1,0.6183705102374688,0.6736186348862405,0.8146153846153846,3
TrainController,HYBRID,2,0.2154402343869739,0.5918544194107452,0.5289999999999999,4
TrainController,HYBRID,49,0.616798699223072,0.605845777003156,0.7761204013377926,75
TrainController,HYBRID,32,0.0191090688508735,0.5866551126516465,0.5229999999999999,55
TrainController,HYBRID,50,0.608258074812722,0.6035140609543549,0.7747959866220736,76
TrainController,HYBRID,51,0.0049374657071474,0.3344827586206896,0.22799999999999998,79
TrainController,HYBRID,52,0.5903794393217461,0.6236633849922275,0.7862408026755853,80
TrainController,HYBRID,53,0.5941726380878262,0.5997927363512177,0.7726822742474917,86
TrainController,HYBRID,47,0.6192423041494419,0.6435065240943991,0.7975117056856187,72
TrainController,HYBRID,54,0.6234009789627337,0.6091667059211456,0.7780066889632107,87
TrainController,HYBRID,56,0.639114081761009,0.6609119600546423,0.8073979933110368,92
TrainController,HYBRID,57,0.3219552419489454,0.4598143868530134,0.4965470085470085,93
TrainController,HYBRID,58,0.0049504950495049,0.654639175257732,0.598,94
TrainController,HYBRID,59,0.596820971651957,0.6234867398370154,0.7861404682274247,95
TrainController,HYBRID,60,0.6828092704183841,0.6903999246314003,0.8241471571906355,97
TrainController,HYBRID,61,0.0136986301369863,0.8762886597938144,0.856,98
TrainController,HYBRID,55,0.6408966369643732,0.6456380423006266,0.7987224080267559,88
TrainController,HYBRID,131,1.0,1.0,1.0,204
TrainController,HYBRID,46,0.5769140848976915,0.6211668001318952,0.7848227424749163,71
TrainController,HYBRID,62,0.6119054664892454,0.6500070658062085,0.8012040133779263,100
TrainController,HYBRID,3,0.6487997239761235,0.6779523293607801,0.817076923076923,5
TrainController,HYBRID,4,0.6700347150251375,0.7006924490084319,0.8299933110367893,6
TrainController,HYBRID,5,0.5935955925790273,0.6255711526685195,0.787324414715719,8
TrainController,HYBRID,6,0.6389972411738598,0.6769631164915917,0.816515050167224,9
TrainController,HYBRID,7,0.5557194774333072,0.5982147062979886,0.7717859531772575,10
TrainController,HYBRID,8,0.5,0.9982817869415808,0.998,11
TrainController,HYBRID,45,0.0172413793103448,0.9020618556701032,0.886,70
TrainController,HYBRID,10,0.0074814890991361,0.6626506024096386,0.608,23
TrainController,HYBRID,12,0.0344827586206896,0.9518900343642612,0.944,28
TrainController,HYBRID,13,0.6355374409530501,0.6593692590324557,0.8065217391304348,33
TrainController,HYBRID,15,0.6555997582226809,0.6552946441188939,0.8042073578595318,35
TrainController,HYBRID,31,0.0454545454545454,0.963917525773196,0.958,54
TrainController,HYBRID,16,0.0058891159938681,0.4017241379310344,0.30599999999999994,36
TrainController,HYBRID,132,1.0,1.0,1.0,205
TrainController,HYBRID,11,0.6140937933220991,0.6290216213669979,0.7892842809364549,27
TrainController,HYBRID,130,1.0,1.0,1.0,203
TrainController,HYBRID,129,0.6717698676726571,0.6888689999528946,0.8232775919732441,202
TrainController,HYBRID,72,0.6861777926017285,0.6973008620283574,0.8280668896321071,121
TrainController,HYBRID,120,0.5357142857142857,0.9776247848537006,0.974,193
TrainController,HYBRID,121,0.5036476264402169,0.5387677233972397,0.7380200668896322,194
TrainController,HYBRID,122,0.5373554258075709,0.5773941306703094,0.7599598662207357,195
TrainController,HYBRID,123,0.6952525788039053,0.6918601912478214,0.8249765886287626,196
TrainController,HYBRID,124,0.614896227312617,0.6395378962739648,0.795257525083612,197
TrainController,HYBRID,118,0.6519732848136274,0.6794361486645626,0.8179197324414715,191
TrainController,HYBRID,119,0.5588235294117647,0.9870912220309812,0.985,192
TrainController,HYBRID,106,0.6502508604369569,0.6641504545668662,0.80923745819398,178
TrainController,HYBRID,104,0.6969060683999355,0.7079584530594941,0.8341204013377926,176
TrainController,TRANSITIVE,104,0.7005101308247605,0.7297329125253191,0.8464882943143812,176
TrainController,HYBRID,20,0.6469992560889458,0.6738070563851336,0.8147224080267559,41
TrainController,HYBRID,21,0.090662103432388,0.7986504723346829,0.7704615384615385,42
TrainController,HYBRID,22,0.2426546906187625,0.883044982698962,0.8648,43
TrainController,HYBRID,23,0.633606176837558,0.6326134061896462,0.791324414715719,45
TrainController,HYBRID,105,0.7018587240459806,0.6951575674784494,0.8268494983277592,177
TrainController,HYBRID,24,0.214514181594661,0.6935297515886771,0.6463333333333333,46
TrainController,HYBRID,100,0.8044253918838637,0.9802968960863698,0.9775384615384616,168
TrainController,HYBRID,107,0.7,0.9974182444061962,0.997,180
TrainController,TRANSITIVE,54,0.6410530809588479,0.5988506288567526,0.7721471571906354,87
TrainController,TRANSITIVE,60,0.7070674286498888,0.7098544443921051,0.8351973244147157,97
TrainController,TRANSITIVE,33,0.7166825134205084,0.7232441471571907,0.8428026755852842,56
TrainController,TRANSITIVE,55,0.6462154617721374,0.626419049413538,0.7878060200668896,88
TrainController,TRANSITIVE,57,0.1478847119685153,0.3493085360038149,0.39355555555555555,93
TrainController,TRANSITIVE,58,0.0029154518950437,0.4123711340206185,0.31599999999999995,94
TrainController,HYBRID,116,0.6472232921280726,0.6676126996090255,0.8112040133779264,189
TrainController,HYBRID,9,0.6615001756796666,0.6783173960148853,0.8172842809364549,16
TrainController,HYBRID,109,0.6675146179892519,0.7165434076028074,0.8389966555183946,182
TrainController,HYBRID,110,0.5833333333333333,0.9982788296041308,0.998,183
TrainController,HYBRID,111,0.6503609867683634,0.6734537660747091,0.8145217391304348,184
TrainController,HYBRID,112,0.6553991672424532,0.6991261952988835,0.8291036789297659,185
TrainController,HYBRID,113,0.6750509242338902,0.7133873474963494,0.8372040133779264,186
TrainController,HYBRID,114,0.6919469206309488,0.7186395967779924,0.8401872909698996,187
TrainController,HYBRID,108,0.046583850931677,0.9113597246127368,0.897,181
TrainController,TRANSITIVE,52,0.6405895196361535,0.6409628338593434,0.796066889632107,80
TrainController,HYBRID,25,0.5889672408809525,0.6095671016062932,0.7782341137123745,47
TrainController,HYBRID,27,0.2473580638267121,0.6761987290583478,0.6263333333333334,49
TrainController,HYBRID,95,0.6580908821058273,0.6897522257289556,0.8237792642140468,162
TrainController,HYBRID,94,0.6726399241040903,0.7117033303499929,0.836247491638796,161
TrainController,HYBRID,93,1.0,1.0,1.0,159
TrainController,HYBRID,92,0.6430327378583649,0.644213104715248,0.7979130434782609,158
TrainController,HYBRID,97,0.6744534516217848,0.7073343068444109,0.8337658862876254,164
TrainController,HYBRID,90,1.0,1.0,1.0,156
TrainController,HYBRID,96,0.6750194862825494,0.6993852748598616,0.8292508361204014,163
TrainController,HYBRID,88,0.6614252029848884,0.6765273917754016,0.816267558528428,153
TrainController,HYBRID,86,0.7044802652509541,0.698089877054972,0.828515050167224,151
TrainController,HYBRID,85,0.656818509592435,0.6844882001036319,0.8207892976588629,150
TrainController,HYBRID,89,1.0,1.0,1.0,155
TrainController,HYBRID,69,0.6611233959216531,0.6728767252343493,0.8141939799331104,118
TrainController,HYBRID,18,0.5860742070097982,0.6280795138725327,0.7887491638795986,38
TrainController,HYBRID,70,0.6516263457311195,0.6724881058928823,0.8139732441471572,119
TrainController,HYBRID,87,0.6865744687337088,0.6770573272410383,0.8165685618729097,152
TrainController,HYBRID,26,0.5985574029577498,0.6218262753780206,0.7851973244147157,48
TrainController,HYBRID,91,1.0,1.0,1.0,157
TrainController,HYBRID,68,0.6352400312721899,0.6526449667907108,0.8027023411371238,117
TrainController,HYBRID,28,0.6136904094277893,0.6346860426774694,0.7925016722408026,50
TrainController,HYBRID,29,0.6364634976593531,0.6496537754957841,0.8010033444816054,52
TrainController,HYBRID,64,0.6473434330133996,0.6829337227377644,0.8199063545150502,112
TrainController,HYBRID,33,0.6539214279176504,0.6916953224362901,0.8248829431438127,56
TrainController,HYBRID,66,0.6276810670509821,0.6647628244382684,0.8095852842809365,115
TrainController,HYBRID,117,0.6832533235379052,0.7146003108954732,0.8378929765886287,190
TrainController,HYBRID,84,0.7004590819224887,0.7077700315606011,0.8340133779264214,149
TrainController,HYBRID,102,0.9166666666666664,0.9994252873563216,0.9993333333333333,170
TrainController,HYBRID,125,0.6662516395608411,0.6743016628197278,0.8150033444816054,198
TrainController,HYBRID,126,0.6220513463959181,0.6417047435112346,0.7964882943143813,199
TrainController,HYBRID,127,0.5789946031165819,0.6074944651184702,0.7770568561872909,200
TrainController,HYBRID,128,0.6502246072107296,0.6862428753120732,0.8217859531772576,201
TrainController,HYBRID,98,0.6490930191324543,0.7133637948089876,0.8371906354515051,165
TrainController,HYBRID,82,0.6594414235097766,0.6739248198219416,0.8147892976588629,147
TrainController,HYBRID,103,0.9166666666666664,0.999425287356322,0.9993333333333333,171
TrainController,TRANSITIVE,105,0.7290105235876161,0.7147887323943662,0.838,177
TrainController,TRANSITIVE,9,0.6962146691254878,0.6827688539262331,0.8198127090301003,16
TrainController,TRANSITIVE,107,0.3333333333333333,0.9948364888123924,0.994,180
TrainController,DIRECT,20,0.572769911836918,0.5637806773752885,0.7069565217391305,41
TrainController,DIRECT,21,0.0765766464241421,0.7874493927125505,0.7576923076923077,42
TrainController,DIRECT,104,0.6391735966588652,0.6352748598615102,0.7595317725752508,176
TrainController,DIRECT,22,0.2351720568257326,0.8515570934256056,0.8284,43
TrainController,DIRECT,23,0.532993550548858,0.5149559564746338,0.6840668896321069,45
TrainController,DIRECT,24,0.2688301418688708,0.7709416522241478,0.7823333333333333,46
TrainController,DIRECT,50,0.5257386732051548,0.4436384191436242,0.6320267558528427,76
TrainController,DIRECT,9,0.5617522687796177,0.5596825097743653,0.6892642140468228,16
TrainController,DIRECT,19,0.7420746310219994,0.9926442121564072,0.9915555555555555,40
TrainController,DIRECT,8,1.0,1.0,1.0,11
TrainController,DIRECT,6,0.5668929211936308,0.589076263601677,0.7454113712374582,9
TrainController,DIRECT,5,0.4997547022571839,0.493852748598615,0.6578862876254181,8
TrainController,DIRECT,4,0.5964204365687211,0.6041970888878421,0.7353779264214046,6
TrainController,DIRECT,3,0.5270868014071992,0.5349345235291346,0.6661471571906354,5
TrainController,DIRECT,17,0.5906198237848115,0.5586344151867728,0.702361204013378,37
TrainController,DIRECT,27,0.2953716823692213,0.7746967071057191,0.8063333333333333,49
TrainController,DIRECT,25,0.5039603666207478,0.498539733383579,0.6827224080267558,47
TrainController,DIRECT,105,0.6015220596829265,0.5712939846436478,0.6948494983277591,177
TrainController,DIRECT,7,0.464310829582803,0.4343645484949832,0.6254180602006689,10
TrainController,DIRECT,106,0.5847418520136294,0.5526167035658769,0.692608695652174,178
TrainController,DIRECT,10,0.0247267759562841,0.8984509466437176,0.882,23
TrainController,DIRECT,31,0.0075757575757575,0.774914089347079,0.738,54
TrainController,DIRECT,55,0.5439991288084074,0.5196959348061614,0.6723678929765886,88
TrainController,DIRECT,28,0.518694043599844,0.5103455179235951,0.6680133779264215,50
TrainController,DIRECT,30,0.5269771887100433,0.5257548636299402,0.6572040133779264,53
TrainController,DIRECT,65,0.081051594700077,0.639370306181398,0.6786666666666668,114
TrainController,DIRECT,59,0.4848044903552413,0.478096000753686,0.7036120401337793,95
TrainController,DIRECT,60,0.5582498370300367,0.5793077865184418,0.7160936454849498,97
TrainController,DIRECT,61,0.0416666666666666,0.9604810996563574,0.954,98
TrainController,DIRECT,62,0.5047028669478271,0.5049460643459419,0.6432842809364548,100
TrainController,DIRECT,16,0.0061853526690576,0.4982758620689654,0.30133333333333334,36
TrainController,DIRECT,33,0.5836614986786768,0.582681708982995,0.7629498327759198,56
TrainController,DIRECT,51,0.0051457975986277,0.325,0.23199999999999998,79
TrainController,DIRECT,1,0.5060553010677079,0.527792171086721,0.6874715719063546,3
TrainController,DIRECT,100,0.779376658846751,0.9635627530364372,0.9584615384615385,168
TrainController,DIRECT,67,0.5278693217507104,0.5265674313439164,0.6554916387959866,116
TrainController,DIRECT,2,0.2495902420430722,0.6711438474870017,0.7276666666666667,4
TrainController,DIRECT,118,0.5583796260913835,0.5535058175137783,0.683571906354515,191
TrainController,DIRECT,13,0.5296693297306638,0.5065653116020538,0.6580802675585284,33
TrainController,DIRECT,15,0.558251457139497,0.4984690753214942,0.6529899665551839,35
TrainController,DIRECT,66,0.5242388000970986,0.5297705968250979,0.6619598662207358,115
TrainController,DIRECT,107,0.1944444444444444,0.9896729776247848,0.988,180
TrainController,DIRECT,108,0.0178442981242737,0.6639414802065404,0.613,181
TrainController,DIRECT,109,0.5807062184559635,0.6009114890008951,0.7223612040133779,182
TrainController,DIRECT,80,0.6060473932111555,0.5913608742757548,0.7144882943143813,141
TrainController,DIRECT,103,0.8666666666666667,0.9988505747126436,0.9986666666666667,171
TrainController,DIRECT,101,0.6132093789391406,0.6090195016251355,0.7456989966555184,169
TrainController,DIRECT,68,0.526015823293703,0.5136487823260635,0.6743076923076923,117
TrainController,DIRECT,83,1.0,1.0,1.0,148
TrainController,DIRECT,69,0.5441032196927129,0.5298883602619058,0.675799331103679,118
TrainController,DIRECT,70,0.5470975434585457,0.5323025107164727,0.6727491638795986,119
TrainController,DIRECT,71,0.5425662818366787,0.5447854350181356,0.678448160535117,120
TrainController,DIRECT,82,0.5923625657260303,0.5668778557633426,0.730742474916388,147
TrainController,DIRECT,72,0.5718333508381479,0.5758985350228462,0.7031438127090301,121
TrainController,DIRECT,74,0.5245934851144113,0.5225634744924396,0.6738595317725753,125
TrainController,DIRECT,75,0.5951384633006032,0.602042017994253,0.710113712374582,127
TrainController,DIRECT,76,0.4912110174306358,0.455049696170333,0.637531772575251,134
TrainController,DIRECT,77,0.5033916843590492,0.4758584954543313,0.6498060200668896,135
TrainController,DIRECT,78,0.017517006802721,0.8063218390804597,0.7753333333333334,137
TrainController,DIRECT,79,0.5462773641406055,0.5440081963352018,0.6537993311036789,139
TrainController,DIRECT,81,0.5267895736935104,0.5274918743228602,0.7153177257525083,146
TrainController,TRANSITIVE,106,0.6604288509580979,0.706321541287861,0.8331906354515051,178
TrainController,DIRECT,73,1.0,1.0,1.0,122
TrainController,DIRECT,132,1.0,1.0,1.0,205
TrainController,DIRECT,84,0.5894874769787053,0.5873098120495549,0.7047826086956521,149
TrainController,DIRECT,98,0.5916394432508714,0.6235338452117387,0.7585819397993311,165
TrainController,DIRECT,110,0.5833333333333333,0.9982788296041308,0.998,183
TrainController,DIRECT,112,0.6096585074573972,0.6144071788591078,0.7809765886287625,185
TrainController,DIRECT,26,0.5131129578008025,0.5125653587074285,0.6931304347826086,48
TrainController,DIRECT,131,1.0,1.0,1.0,204
TrainController,DIRECT,133,0.04,0.958762886597938,0.952,210
TrainController,DIRECT,99,0.5906948989518932,0.624434735503321,0.7595384615384615,167
TrainController,DIRECT,85,0.5413419457291659,0.5602301097555231,0.6852976588628763,150
TrainController,DIRECT,86,0.6399834668701787,0.6057692307692308,0.7476454849498327,151
TrainController,DIRECT,87,0.6040316781810217,0.5469876112864478,0.7105752508361204,152
TrainController,DIRECT,88,0.5587698487867443,0.5510033444816054,0.6958729096989966,153
TrainController,DIRECT,89,1.0,1.0,1.0,155
TrainController,DIRECT,90,1.0,1.0,1.0,156
TrainController,DIRECT,91,1.0,1.0,1.0,157
TrainController,DIRECT,92,0.5613650693449357,0.5335272504592774,0.7181070234113712,158
TrainController,DIRECT,93,1.0,1.0,1.0,159
TrainController,DIRECT,94,0.5863300991290636,0.5858848744641765,0.7156454849498328,161
TrainController,DIRECT,95,0.5842574186074053,0.5824344057656978,0.7206354515050166,162
TrainController,DIRECT,96,0.5907248154808753,0.5902421216260775,0.7127692307692308,163
TrainController,DIRECT,97,0.6098772663384608,0.608389467238212,0.7553444816053512,164
TrainController,DIRECT,111,0.5922980346444899,0.596919308493099,0.7711170568561873,184
TrainController,DIRECT,12,0.0064935064935064,0.7371134020618557,0.694,28
TrainController,DIRECT,29,0.543588090804894,0.5366008761599698,0.6797725752508361,52
TrainController,DIRECT,56,0.5602611797632233,0.5537884497621179,0.7226956521739131,92
TrainController,DIRECT,34,0.0153846153846153,0.8900343642611684,0.872,57
TrainController,DIRECT,41,0.5435561090972966,0.5061531395732253,0.6666220735785953,65
TrainController,DIRECT,57,0.4259577031550343,0.6602930926965261,0.7873504273504274,93
TrainController,DIRECT,45,0.0057142857142857,0.7010309278350516,0.6519999999999999,70
TrainController,DIRECT,44,0.0075110075110075,0.5471264367816092,0.47466666666666657,68
TrainController,DIRECT,43,0.5252418987852724,0.5193485326675774,0.6721404682274248,67
TrainController,DIRECT,42,0.5598020142183816,0.5421239813462716,0.6673244147157191,66
TrainController,DIRECT,35,0.0333333333333333,0.950171821305842,0.942,58
TrainController,DIRECT,40,0.5536003418962441,0.5202082057562768,0.6555518394648829,63
TrainController,DIRECT,39,0.5330515878741096,0.5379433793395827,0.660923076923077,62
TrainController,DIRECT,38,0.3333333333333333,0.9965635738831614,0.996,61
TrainController,DIRECT,37,0.0056179775280898,0.6958762886597938,0.646,60
TrainController,DIRECT,47,0.5134086034153922,0.4832304865985209,0.6451705685618729,72
TrainController,DIRECT,36,0.0017152658662092,0.3994845360824742,0.04799999999999993,59
TrainController,TRANSITIVE,66,0.6838206020348585,0.7128103066559894,0.8368762541806021,115
TrainController,TRANSITIVE,67,0.6900917896962879,0.7142587969287296,0.8376989966555184,116
TrainController,TRANSITIVE,110,0.8333333333333333,0.9991394148020654,0.999,183
TrainController,TRANSITIVE,116,0.6879599258770112,0.7242569127137406,0.8433779264214047,189
TrainController,TRANSITIVE,115,0.7251316032494634,0.7160488011682133,0.8387157190635451,188
TrainController,TRANSITIVE,114,0.7059796621955241,0.7294149512459371,0.8463076923076923,187
TrainController,TRANSITIVE,113,0.7007500727435989,0.7434759056008291,0.8542943143812709,186
TrainController,TRANSITIVE,112,0.677699420964136,0.7288967921239813,0.8460133779264214,185
TrainController,TRANSITIVE,111,0.679115917036227,0.7218427622591739,0.8420066889632107,184
TrainController,TRANSITIVE,65,0.0098214564209294,0.3619295205083767,0.2636666666666666,114
TrainController,TRANSITIVE,109,0.6727499598652016,0.7064157520373076,0.8332441471571906,182
TrainController,TRANSITIVE,108,0.0487179487179487,0.933734939759036,0.923,181
TrainController,DIRECT,48,0.5180506322196676,0.4417659804983748,0.631190635451505,74
TrainController,DIRECT,49,0.5292871846710854,0.4467355975316784,0.635571906354515,75
TrainController,DIRECT,46,0.5002736037440504,0.4894483960619907,0.65238127090301,71
TrainController,DIRECT,116,0.5722185135131044,0.569574638466249,0.7176254180602006,189
TrainController,DIRECT,123,0.5597564258025077,0.5518394648829431,0.6794983277591973,196
TrainController,DIRECT,124,0.5243078767514646,0.4867869423901267,0.6527625418060201,197
TrainController,DIRECT,125,0.5594617150534229,0.564122191342032,0.71123745819398,198
TrainController,DIRECT,126,0.4922144818510266,0.479674030806915,0.6399264214046823,199
TrainController,DIRECT,127,0.4947588771100806,0.4641528098356022,0.6349030100334447,200
TrainController,DIRECT,128,0.5345113682151919,0.5435724716190118,0.6657591973244148,201
TrainController,DIRECT,129,0.5582567785067416,0.5474939940647228,0.6652976588628763,202
TrainController,DIRECT,122,0.4712709445313477,0.4512341608177492,0.6276254180602006,195
TrainController,DIRECT,114,0.596320224969135,0.6158909981628904,0.7242675585284281,187
TrainController,DIRECT,18,0.489024267897485,0.4856681897404494,0.6411371237458194,38
TrainController,DIRECT,32,0.0276734932426174,0.6929520508376661,0.665,55
TrainController,DIRECT,14,0.5336354836724051,0.5209854444392106,0.6763545150501672,34
TrainController,DIRECT,115,0.5430360773623724,0.564322389184606,0.6994247491638796,188
TrainController,DIRECT,54,0.5272455906493797,0.471830985915493,0.6480066889632107,87
TrainController,DIRECT,11,0.51033340687717,0.480339394224881,0.6556989966555185,27
TrainController,DIRECT,113,0.6122814650610103,0.6119812520608602,0.7797123745819398,186
TrainController,DIRECT,130,1.0,1.0,1.0,203
TrainController,DIRECT,120,0.5294117647058824,0.972461273666093,0.968,193
TrainController,DIRECT,121,0.4504598053553602,0.4134379857741768,0.6202140468227424,194
TrainController,DIRECT,102,1.0,1.0,1.0,170
TrainController,DIRECT,64,0.5423495016957318,0.5461043855103868,0.6535585284280936,112
TrainController,DIRECT,52,0.4984582716860546,0.4957075227283434,0.6513578595317726,80
TrainController,DIRECT,53,0.4937396785023006,0.4625630034386923,0.690180602006689,86
TrainController,DIRECT,117,0.6297988478933032,0.6367586791652927,0.7705083612040133,190
TrainController,DIRECT,119,0.5526315789473684,0.985370051635112,0.983,192
TrainController,DIRECT,63,0.0693332651627782,0.9182553437319468,0.9056666666666667,104
TrainController,DIRECT,58,0.0017152658662092,0.4286941580756014,0.03200000000000003,94
EasyClinic,DIRECT,20,0.7486343262001155,0.9270270270270272,0.8079497907949791,20
EasyClinic,DIRECT,19,0.6745049671389134,0.6686274509803922,0.2928870292887029,19
EasyClinic,DIRECT,18,0.8039682539682538,0.8785714285714286,0.6545128511655709,18
EasyClinic,HYBRID,19,0.676418255110265,0.6980392156862745,0.35564853556485354,19
EasyClinic,HYBRID,20,0.8578619909502262,0.9486486486486486,0.8648535564853557,20
EasyClinic,HYBRID,23,0.5866299209754914,0.6490196078431372,0.2510460251046025,23
EasyClinic,HYBRID,24,0.8891558441558441,0.9648648648648648,0.9075313807531381,24
EasyClinic,HYBRID,25,0.6879248822474694,0.7235294117647059,0.41004184100418406,25
EasyClinic,HYBRID,26,0.6110112517077105,0.7039215686274509,0.36820083682008364,26
EasyClinic,HYBRID,27,0.5933181311306257,0.6294117647058823,0.2092050209205022,27
EasyClinic,HYBRID,22,0.736581978958618,0.8137254901960785,0.602510460251046,22
EasyClinic,HYBRID,18,0.8376190476190475,0.925,0.7866108786610879,18
EasyClinic,HYBRID,21,0.5676056598725028,0.6509803921568628,0.2552301255230125,21
EasyClinic,DIRECT,21,0.5941487768454442,0.6843137254901961,0.3263598326359832,21
EasyClinic,DIRECT,0,0.5709167615540024,0.6176470588235294,0.18410041841004177,0
EasyClinic,DIRECT,24,0.8069094304388421,0.9243243243243244,0.800836820083682,24
EasyClinic,DIRECT,5,0.5634341316228554,0.6235294117647059,0.19665271966527187,5
EasyClinic,DIRECT,7,0.5409755239183257,0.6702702702702703,0.1322175732217573,7
EasyClinic,DIRECT,13,0.6609596286066874,0.8642857142857143,0.6138673042438733,13
EasyClinic,DIRECT,14,0.8398268398268398,0.9535714285714284,0.867901972504483,14
EasyClinic,DIRECT,1,0.6807048522985384,0.7274509803921568,0.41841004184100417,1
EasyClinic,DIRECT,2,0.6889925417456007,0.7745098039215687,0.5188284518828452,2
EasyClinic,DIRECT,3,0.5508969534050179,0.7810810810810811,0.42384937238493725,3
EasyClinic,DIRECT,4,0.6986291849721957,0.7568627450980392,0.4811715481171548,4
EasyClinic,DIRECT,6,0.5941697523988045,0.7135135135135136,0.24602510460251048,6
EasyClinic,DIRECT,8,0.845446127946128,0.9108108108108108,0.7652719665271966,8
EasyClinic,DIRECT,9,0.7016421568627451,0.8324324324324324,0.5589958158995816,9
EasyClinic,DIRECT,10,0.9317307692307693,0.972972972972973,0.9288702928870293,10
EasyClinic,DIRECT,11,0.9406417112299464,0.9756756756756756,0.9359832635983264,11
EasyClinic,DIRECT,12,0.7483333333333333,0.8821428571428571,0.6646742378959951,12
EasyClinic,DIRECT,15,1.0,1.0,1.0,15
EasyClinic,DIRECT,22,0.7258449565274426,0.7862745098039214,0.5439330543933054,22
EasyClinic,DIRECT,16,0.8629251700680272,0.9464285714285714,0.8475791990436342,16
EasyClinic,DIRECT,17,0.8246460746460746,0.8821428571428571,0.6646742378959951,17
EasyClinic,DIRECT,29,0.5204162746202271,0.5549019607843138,0.05020920502092041,29
EasyClinic,DIRECT,28,0.6754819498160212,0.696078431372549,0.35146443514644365,28
EasyClinic,DIRECT,27,0.6724226151067316,0.707843137254902,0.37656903765690364,27
EasyClinic,DIRECT,26,0.52351117276604,0.6392156862745098,0.23012552301255207,26
EasyClinic,DIRECT,25,0.6637582306839479,0.6862745098039216,0.33054393305439334,25
EasyClinic,DIRECT,23,0.4976224657404364,0.5450980392156863,0.029288702928870314,23
EasyClinic,HYBRID,16,0.903834260977118,0.9785714285714286,0.9390316796174537,16
EasyClinic,HYBRID,14,0.9379251700680272,0.9892857142857142,0.9695158398087268,14
EasyClinic,TRANSITIVE,23,0.6628679170603529,0.7450980392156863,0.4560669456066945,23
EasyClinic,TRANSITIVE,20,0.8571428571428571,0.9324324324324323,0.8221757322175732,20
EasyClinic,TRANSITIVE,3,0.911024531024531,0.972972972972973,0.9288702928870293,3
EasyClinic,TRANSITIVE,11,0.954040404040404,0.9864864864864864,0.9644351464435147,11
EasyClinic,TRANSITIVE,22,0.702406592188536,0.7862745098039216,0.5439330543933054,22
EasyClinic,TRANSITIVE,15,1.0,1.0,1.0,15
EasyClinic,TRANSITIVE,4,0.6743482680514338,0.7725490196078432,0.5146443514644352,4
EasyClinic,TRANSITIVE,5,0.4792578971993932,0.5882352941176471,0.12133891213389114,5
EasyClinic,TRANSITIVE,6,0.8940508021390375,0.962162162162162,0.900418410041841,6
EasyClinic,TRANSITIVE,0,0.6564554098687283,0.7568627450980392,0.4811715481171548,0
EasyClinic,TRANSITIVE,18,0.8754251700680272,0.9607142857142856,0.8882247459653317,18
EasyClinic,TRANSITIVE,21,0.4809722593829934,0.5725490196078431,0.08786610878661061,21
EasyClinic,TRANSITIVE,17,0.8962585034013604,0.975,0.9288702928870293,17
EasyClinic,TRANSITIVE,29,0.6458980173425949,0.719607843137255,0.40167364016736395,29
EasyClinic,TRANSITIVE,28,0.6908899980613692,0.7137254901960784,0.38912133891213385,28
EasyClinic,TRANSITIVE,27,0.4113882137736842,0.5313725490196078,0.0,27
EasyClinic,TRANSITIVE,26,0.7260201868695609,0.7549019607843138,0.4769874476987448,26
EasyClinic,TRANSITIVE,8,0.8984194890077242,0.9648648648648648,0.9075313807531381,8
EasyClinic,TRANSITIVE,25,0.6802814634061813,0.7294117647058823,0.42259414225941416,25
EasyClinic,TRANSITIVE,7,0.8773155929038282,0.9594594594594594,0.893305439330544,7
EasyClinic,TRANSITIVE,24,0.8993181818181818,0.9594594594594594,0.893305439330544,24
EasyClinic,TRANSITIVE,12,0.9571428571428572,0.9892857142857144,0.9695158398087268,12
EasyClinic,TRANSITIVE,2,0.4743657661273671,0.6215686274509804,0.19246861924686187,2
EasyClinic,HYBRID,17,0.8529251700680271,0.9285714285714286,0.7967722653915122,17
EasyClinic,TRANSITIVE,10,0.9651515151515152,0.9891891891891892,0.9715481171548117,10
EasyClinic,HYBRID,12,0.8885281385281385,0.975,0.9288702928870293,12
EasyClinic,HYBRID,4,0.7261628822387337,0.8058823529411763,0.5857740585774058,4
EasyClinic,TRANSITIVE,19,0.6818995330426492,0.7254901960784313,0.41422594142259417,19
EasyClinic,TRANSITIVE,1,0.6684351977011025,0.7705882352941177,0.510460251046025,1
EasyClinic,HYBRID,3,0.7463149350649352,0.8972972972972972,0.7297071129707113,3
EasyClinic,HYBRID,28,0.7319367873575578,0.7254901960784315,0.41422594142259417,28
EasyClinic,HYBRID,2,0.5784967905415,0.7176470588235294,0.39748953974895396,2
EasyClinic,HYBRID,29,0.5839582833587875,0.6509803921568628,0.2552301255230125,29
EasyClinic,HYBRID,8,0.8969372294372294,0.9567567567567568,0.8861924686192468,8
EasyClinic,HYBRID,13,0.8801587301587301,0.9785714285714284,0.9390316796174537,13
EasyClinic,HYBRID,6,0.7917982017982017,0.8972972972972972,0.7297071129707113,6
EasyClinic,HYBRID,0,0.656520058972827,0.696078431372549,0.35146443514644365,0
EasyClinic,HYBRID,7,0.7466951871657753,0.8513513513513513,0.608786610878661,7
EasyClinic,TRANSITIVE,16,0.8962585034013604,0.975,0.9288702928870293,16
EasyClinic,HYBRID,15,1.0,1.0,1.0,15
EasyClinic,HYBRID,9,0.9416666666666668,0.962162162162162,0.900418410041841,9
EasyClinic,HYBRID,10,0.9651515151515152,0.9891891891891892,0.9715481171548117,10
EasyClinic,HYBRID,11,0.9733333333333332,0.991891891891892,0.9786610878661088,11
EasyClinic,TRANSITIVE,13,0.9821428571428572,0.9964285714285714,0.9898386132695756,13
EasyClinic,TRANSITIVE,9,0.9614285714285714,0.9864864864864864,0.9644351464435147,9
EasyClinic,TRANSITIVE,14,0.9821428571428572,0.9964285714285714,0.9898386132695756,14
EasyClinic,HYBRID,1,0.7233858547515906,0.7941176470588236,0.5606694560669456,1
EasyClinic,HYBRID,5,0.528970417592773,0.611764705882353,0.17154811715481166,5
EBT,DIRECT,12,0.675213878959395,0.6103565365025467,0.35806451612903223,17
EBT,DIRECT,13,0.7172605829746898,0.5814940577249575,0.32258064516129026,18
EBT,DIRECT,14,0.7939950905763176,0.7487266553480476,0.6258064516129032,19
EBT,DIRECT,15,0.7573454395799082,0.7266553480475382,0.5548387096774193,20
EBT,DIRECT,9,0.8123709630071794,0.734295415959253,0.5548387096774193,14
EBT,DIRECT,19,0.7918819294615175,0.7512733446519526,0.6161290322580645,24
EBT,DIRECT,34,0.7815560232829419,0.6808149405772496,0.4354838709677419,39
EBT,DIRECT,35,0.7876698335876959,0.7198641765704584,0.5419354838709677,40
EBT,DIRECT,0,0.7030440348182283,0.6162988115449916,0.47096774193548385,3
EBT,DIRECT,21,0.8282897868371167,0.7665534804753821,0.6451612903225806,26
EBT,DIRECT,22,0.7682628120865753,0.7190152801358235,0.5451612903225805,27
EBT,DIRECT,24,0.8459467340020556,0.7691001697792869,0.5903225806451613,29
EBT,DIRECT,25,0.8178694204071647,0.7436332767402376,0.6225806451612903,30
EBT,DIRECT,27,0.8413077901481492,0.765704584040747,0.6032258064516128,32
EBT,DIRECT,11,0.7881513869943995,0.66723259762309,0.4838709677419354,16
EBT,DIRECT,23,0.8244405925575838,0.7453310696095076,0.5774193548387097,28
EBT,DIRECT,4,0.7883204767497187,0.7546689303904924,0.667741935483871,9
EBT,DIRECT,18,0.7324246139982598,0.737691001697793,0.5838709677419355,23
EBT,TRANSITIVE,19,0.8463340867661681,0.7877758913412564,0.6967741935483871,24
EBT,TRANSITIVE,26,0.9094262057127028,0.8556876061120543,0.8258064516129032,31
EBT,TRANSITIVE,21,0.8450297907038073,0.7843803056027164,0.6903225806451613,26
EBT,TRANSITIVE,22,0.8730966408581728,0.8098471986417657,0.7387096774193548,27
EBT,TRANSITIVE,23,0.8955887101845214,0.8455008488964346,0.8064516129032258,28
EBT,TRANSITIVE,24,0.907742405641806,0.8556876061120543,0.8258064516129032,29
EBT,TRANSITIVE,25,0.897499885359349,0.8522920203735145,0.8193548387096774,30
EBT,TRANSITIVE,27,0.8890295207384455,0.8404074702886248,0.7967741935483871,32
EBT,TRANSITIVE,35,0.8950887475750918,0.8285229202037351,0.7741935483870968,40
EBT,TRANSITIVE,29,0.8651160039004332,0.8047538200339559,0.729032258064516,34
EBT,TRANSITIVE,30,0.880751996179914,0.8251273344651953,0.7677419354838709,35
EBT,TRANSITIVE,31,0.897350091965192,0.8522920203735145,0.8193548387096774,36
EBT,TRANSITIVE,32,0.8874325300362917,0.8285229202037351,0.7741935483870968,37
EBT,TRANSITIVE,33,0.8737593952336611,0.8183361629881155,0.7548387096774193,38
EBT,TRANSITIVE,34,0.8817615055309507,0.8183361629881155,0.7548387096774193,39
EBT,DIRECT,26,0.8291848470214529,0.7572156196943972,0.596774193548387,31
EBT,DIRECT,16,0.7904753498767622,0.7241086587436334,0.5709677419354838,21
EBT,DIRECT,17,0.7298793946448909,0.7342954159592531,0.5774193548387097,22
EBT,DIRECT,1,0.7303225806451613,0.6451612903225806,0.4838709677419354,4
EBT,DIRECT,2,0.6161290322580645,0.4380305602716468,0.12580645161290316,6
EBT,DIRECT,3,0.654516129032258,0.5382003395585738,0.4161290322580644,7
EBT,DIRECT,28,0.7231888587868217,0.6825127334465195,0.5064516129032257,33
EBT,DIRECT,6,0.8408001129838067,0.7691001697792867,0.6419354838709677,11
EBT,DIRECT,7,0.656774193548387,0.5483870967741935,0.4580645161290322,12
EBT,DIRECT,8,0.8319234976368528,0.7495755517826825,0.5612903225806452,13
EBT,DIRECT,5,0.747224195185904,0.6451612903225806,0.3999999999999999,10
EBT,DIRECT,10,0.5,0.979591836734694,1.0,15
EBT,TRANSITIVE,14,0.8907638310134949,0.8132427843803055,0.7451612903225807,19
EBT,DIRECT,29,0.5704323179862479,0.4711375212224108,0.12580645161290316,34
EBT,TRANSITIVE,28,0.8511845528541607,0.7945670628183361,0.7096774193548386,33
EBT,DIRECT,31,0.8656236321826123,0.7894736842105263,0.6774193548387096,36
EBT,HYBRID,21,0.8580577283169016,0.8149405772495755,0.7483870967741936,26
EBT,HYBRID,22,0.8644910018404035,0.8081494057724958,0.7354838709677419,27
EBT,HYBRID,23,0.8936713040032511,0.8455008488964347,0.8064516129032258,28
EBT,HYBRID,24,0.904607848319262,0.8505942275042445,0.8161290322580645,29
EBT,HYBRID,25,0.8904310155003605,0.8471986417657045,0.8096774193548387,30
EBT,HYBRID,29,0.6744345674878514,0.6281833616298811,0.3935483870967741,34
EBT,HYBRID,28,0.8067730956881077,0.769100169779287,0.6612903225806451,33
EBT,HYBRID,30,0.8778147909865552,0.7928692699490663,0.7064516129032258,35
EBT,HYBRID,5,0.8307474812104694,0.7419354838709677,0.6096774193548387,10
EBT,HYBRID,31,0.941775929676435,0.8947368421052632,0.9,36
EBT,HYBRID,33,0.8506580893866286,0.7775891341256367,0.6774193548387096,38
EBT,HYBRID,18,0.789048980776926,0.7894736842105263,0.7,23
EBT,HYBRID,20,0.8269897416037536,0.8064516129032258,0.7322580645161291,25
EBT,HYBRID,26,0.8963392978700445,0.8421052631578948,0.7999999999999999,31
EBT,HYBRID,9,0.8819337355312976,0.830220713073005,0.7774193548387097,14
EBT,HYBRID,15,0.8150328633738297,0.797962648556876,0.7161290322580645,20
EBT,HYBRID,0,0.8846069140167605,0.8353140916808149,0.7870967741935484,3
EBT,HYBRID,1,0.917273111853078,0.8590831918505942,0.832258064516129,4
EBT,HYBRID,2,0.6947764034168127,0.6587436332767402,0.4516129032258064,6
EBT,HYBRID,3,0.7574838688440874,0.6825127334465196,0.49677419354838703,7
EBT,HYBRID,32,0.8736117444691214,0.8183361629881154,0.7548387096774193,37
EBT,HYBRID,14,0.9031994619981614,0.8183361629881154,0.7548387096774193,19
EBT,HYBRID,35,0.879915790444478,0.8030560271646858,0.7258064516129031,40
EBT,HYBRID,16,0.829289544444474,0.7724957555178269,0.667741935483871,21
EBT,TRANSITIVE,13,0.8482049917421977,0.7860780984719864,0.6935483870967741,18
EBT,TRANSITIVE,15,0.8708780361981248,0.8081494057724958,0.7354838709677419,20
EBT,HYBRID,17,0.7915035549819746,0.7928692699490661,0.7064516129032258,22
EBT,HYBRID,19,0.8257802686200871,0.801358234295416,0.7225806451612903,24
EBT,HYBRID,4,0.8407307135000552,0.8132427843803056,0.7451612903225807,9
EBT,HYBRID,27,0.900956429352753,0.864176570458404,0.8419354838709677,32
EBT,DIRECT,32,0.7466412262947202,0.7173174872665534,0.5225806451612902,37
EBT,DIRECT,33,0.7639778334072932,0.6977928692699491,0.48064516129032253,38
EBT,DIRECT,20,0.7918849017879692,0.7546689303904924,0.6225806451612903,25
EBT,TRANSITIVE,18,0.800621965196259,0.7589134125636673,0.6419354838709677,23
EBT,TRANSITIVE,17,0.8079475650691337,0.7623089983022072,0.6483870967741935,22
EBT,TRANSITIVE,16,0.8448060454456413,0.7775891341256367,0.6774193548387096,21
EBT,TRANSITIVE,1,0.9154809971577376,0.8573853989813243,0.8290322580645162,4
EBT,TRANSITIVE,2,0.8598418206029663,0.7809847198641765,0.6838709677419355,6
EBT,TRANSITIVE,3,0.775840243652075,0.6876061120543294,0.5064516129032257,7
EBT,TRANSITIVE,4,0.9022839402356466,0.8387096774193549,0.7935483870967742,9
EBT,TRANSITIVE,5,0.8915070795454589,0.831918505942275,0.7806451612903226,10
EBT,TRANSITIVE,6,0.9041548351899092,0.8421052631578948,0.7999999999999999,11
EBT,TRANSITIVE,7,0.9079650138334024,0.8455008488964347,0.8064516129032258,12
EBT,TRANSITIVE,9,0.8931423545541195,0.8404074702886248,0.7967741935483871,14
EBT,TRANSITIVE,10,0.0833333333333333,0.7755102040816326,0.0,15
EBT,TRANSITIVE,11,0.9062598107390708,0.8505942275042445,0.8161290322580645,16
EBT,TRANSITIVE,20,0.8493976669745666,0.7877758913412565,0.6967741935483871,25
EBT,TRANSITIVE,12,0.8386591425905349,0.7996604414261461,0.7193548387096774,17
EBT,TRANSITIVE,8,0.8948617327494999,0.8438030560271647,0.8032258064516129,13
EBT,HYBRID,10,0.5,0.979591836734694,1.0,15
EBT,HYBRID,11,0.860278621456879,0.7758913412563667,0.6741935483870968,16
EBT,HYBRID,12,0.7489784184757226,0.697792869269949,0.5258064516129032,17
EBT,HYBRID,13,0.7913577195826607,0.7181663837011885,0.564516129032258,18
EBT,HYBRID,7,0.911654661735574,0.8488964346349747,0.8129032258064516,12
EBT,HYBRID,8,0.8929924092599534,0.8488964346349746,0.8129032258064516,13
EBT,HYBRID,34,0.8344664020176081,0.7470288624787775,0.6193548387096773,39
EBT,HYBRID,6,0.9108949196835012,0.8522920203735145,0.8193548387096774,11
EBT,DIRECT,30,0.7222303124023338,0.6561969439728353,0.4419354838709676,35
EBT,TRANSITIVE,0,0.91315361962204,0.8539898132427844,0.8225806451612903,3
WARC,HYBRID,4,0.9583333333333334,0.9907407407407408,0.9819121447028424,15
WARC,DIRECT,7,0.7613095238095238,0.837962962962963,0.6925064599483204,19
WARC,HYBRID,5,0.9444444444444444,0.986111111111111,0.9728682170542635,16
WARC,HYBRID,2,1.0,1.0,1.0,8
WARC,HYBRID,1,0.4634024621994546,0.7510204081632653,0.5271317829457365,6
WARC,HYBRID,0,0.6457509881422925,0.8194444444444444,0.6472868217054264,1
WARC,TRANSITIVE,6,0.8972222222222223,0.9814814814814814,0.9638242894056848,18
WARC,TRANSITIVE,5,0.875,0.9166666666666669,0.8372093023255813,16
WARC,TRANSITIVE,0,0.6395927601809954,0.8842592592592593,0.7739018087855296,1
WARC,TRANSITIVE,7,0.8263888888888888,0.9305555555555556,0.8643410852713178,19
WARC,TRANSITIVE,1,0.3843216415422793,0.7224489795918367,0.4728682170542635,6
WARC,HYBRID,6,1.0,1.0,1.0,18
WARC,TRANSITIVE,4,0.9583333333333334,0.9907407407407408,0.9819121447028424,15
WARC,TRANSITIVE,3,0.1856107196865389,0.5265306122448979,0.10077519379844946,9
WARC,HYBRID,3,0.1772295092125919,0.4816326530612245,0.015503875968992165,9
WARC,DIRECT,6,0.9761904761904762,0.9953703703703703,0.9909560723514212,18
WARC,DIRECT,0,0.488095238095238,0.6597222222222221,0.30361757105943143,1
WARC,DIRECT,1,0.4585101234169557,0.7387755102040816,0.5038759689922481,6
WARC,DIRECT,2,1.0,1.0,1.0,8
WARC,DIRECT,3,0.1742008265756895,0.473469387755102,0.0,9
WARC,DIRECT,4,0.6517857142857143,0.8356481481481483,0.7286821705426356,15
WARC,DIRECT,5,0.8833333333333333,0.976851851851852,0.9547803617571059,16
WARC,TRANSITIVE,2,0.1666666666666666,0.8780487804878049,0.7286821705426356,8
WARC,HYBRID,7,0.8041666666666667,0.875,0.7558139534883721,19
