ap,auc,lag,query_id,percent,iteration
0.434042716635857,0.6249823071801841,8265.389949748744,0,0.1,0
0.39304094696357395,0.6127598898910768,8534.771859296483,0,0.1,1
0.34025395820986026,0.6142120311174748,8502.766834170854,0,0.1,2
0.38073182392712746,0.6395945699459182,7943.33567839196,0,0.1,3
0.31110373285813603,0.584156444655218,9165.191959798995,0,0.1,4
0.3443368123440384,0.6072826777565992,8655.489782244556,0,0.1,5
0.46975961419593293,0.665941002653923,7362.660301507538,0,0.1,6
0.39015539414753875,0.6271955816590514,8216.609380234506,0,0.1,7
0.3968929891816167,0.6942699431823365,6738.290452261306,0,0.1,8
0.35819852013874587,0.5912509158010256,9008.829815745394,0,0.1,9
0.4052211233143745,0.6464696972460608,7791.808040201005,0,0.1,10
0.38359219970215414,0.5690264389096116,9498.65728643216,0,0.1,11
0.4435144075811436,0.6579197636701354,7539.44824120603,0,0.1,12
0.3814528183049476,0.6209283638397676,8354.739028475711,0,0.1,13
0.4221820334904382,0.662988855347518,7427.7256281407035,0,0.1,14
0.3508168658051905,0.5896197563741272,9044.780569514238,0,0.1,15
0.3687681770575614,0.6450343520384743,7823.4428810720265,0,0.1,16
0.3757377215617706,0.626356115118849,8235.11122278057,0,0.1,17
0.36150030276785095,0.6079653409211818,8640.443886097153,0,0.1,18
0.39711953242320125,0.6844082557372465,6955.641876046901,0,0.1,19
0.3340359560475292,0.5832165820025718,9185.906532663317,0,0.1,20
0.3975958064149057,0.6106024754747726,8582.321608040202,0,0.1,21
0.40340787474845347,0.6321645204242629,8107.093802345059,0,0.1,22
0.3445929275433892,0.5664892140679199,9554.577554438862,0,0.1,23
0.39997297597593706,0.6619670874031378,7450.245561139029,0,0.1,24
0.4367471010033894,0.6890597497469196,6853.122948073702,0,0.1,25
0.4760829430116541,0.6984135210231435,6646.965829145729,0,0.1,26
0.3453044362393259,0.5875785612879886,9089.76850921273,0,0.1,27
0.42399572352323056,0.6509753394923802,7692.503517587939,0,0.1,28
0.40471119238464776,0.6481205710950397,7755.4227805695145,0,0.1,29
0.3633455591200304,0.6375569316637635,7988.2452261306535,0,0.1,30
0.39274747010332384,0.6260783880077945,8241.232495812395,0,0.1,31
0.37495254477524287,0.6256361815125234,8250.978559463987,0,0.1,32
0.39142671499354675,0.6719422353753035,7230.392964824121,0,0.1,33
0.38169506020435484,0.6185535815800114,8407.07906197655,0,0.1,34
0.39768237020773173,0.681319156277455,7023.7256281407035,0,0.1,35
0.3917726730499141,0.6343724672971635,8058.430820770519,0,0.1,36
0.3902167534085614,0.6760924860235844,7138.921608040201,0,0.1,37
0.3696511156495494,0.5951579585769136,8922.718592964824,0,0.1,38
0.40450738586526064,0.6469468941805214,7781.290452261306,0,0.1,39
0.36691342148802636,0.6309577378726664,8133.6914572864325,0,0.1,40
0.31950324678595965,0.5742068783117037,9384.480402010051,0,0.1,41
0.4097409262357594,0.6575906985015822,7546.701172529313,0,0.1,42
0.45350327865684964,0.7173505078325688,6229.594639865996,0,0.1,43
0.41403971517526933,0.6172586769297181,8435.618760469011,0,0.1,44
0.35030541495422596,0.5932385308271545,8965.022780569514,0,0.1,45
0.3804064980162131,0.6254844397425726,8254.322948073703,0,0.1,46
0.36750855317864095,0.5523205257989889,9866.855611390285,0,0.1,47
0.38402317014427934,0.6475016720018726,7769.063316582915,0,0.1,48
0.3694565419338819,0.6045486278944633,8715.748073701843,0,0.1,49
0.3017965761208095,0.5633265693257576,9624.282412060302,0,0.1,50
0.39562431066405007,0.6109633238789227,8574.36850921273,0,0.1,51
0.4898213453572424,0.6762982030539875,7134.387604690117,0,0.1,52
0.42510723534024325,0.6817889584036335,7013.371189279732,0,0.1,53
0.4093456762458907,0.6489268255980446,7737.652596314908,0,0.1,54
0.4308599656614396,0.6727111814365232,7213.4455611390285,0,0.1,55
0.39126029457703365,0.6055258749889799,8694.209715242881,0,0.1,56
0.3887685342124987,0.6691966031001955,7290.9068676716915,0,0.1,57
0.42168180178707776,0.6319793462168678,8111.175209380234,0,0.1,58
0.36629094697597453,0.6316498630478466,8118.437185929648,0,0.1,59
0.3798084500695733,0.6214447008180649,8343.35879396985,0,0.1,60
0.3964266272108236,0.6455953694668138,7811.078056951424,0,0.1,61
0.33572572445525417,0.555430373282018,9798.314572864321,0,0.1,62
0.4254505309889062,0.6965136100952434,6688.83986599665,0,0.1,63
0.3936318406033868,0.6351578521767943,8041.12093802345,0,0.1,64
0.3711541715457514,0.5960219047445333,8903.677386934673,0,0.1,65
0.4422102834390279,0.7008995066074474,6592.174874371859,0,0.1,66
0.41289514918567494,0.6689053327739727,7297.3262981574535,0,0.1,67
0.36986480429912194,0.590623915098785,9022.648911222781,0,0.1,68
0.3750309364373072,0.6215801101697234,8340.374204355108,0,0.1,69
0.3609185330872178,0.6422451033145158,7884.917922948073,0,0.1,70
0.38406758709321726,0.6699100386992434,7275.182914572864,0,0.1,71
0.3534496971135625,0.576389676756438,9336.371524288108,0,0.1,72
0.31091358047264006,0.5701268593420825,9474.404020100503,0,0.1,73
0.3501650306413225,0.5944384201710305,8938.577219430486,0,0.1,74
0.41019827931400826,0.6723167789947925,7222.138358458961,0,0.1,75
0.4175693445589476,0.6485523655786494,7745.905862646566,0,0.1,76
0.4102675833575465,0.6603572308000984,7485.726633165829,0,0.1,77
0.3856730069370521,0.625595833067333,8251.868006700168,0,0.1,78
0.39890268259158085,0.6418904261172772,7892.735008375209,0,0.1,79
0.3354625307062993,0.6299699267663179,8155.462646566164,0,0.1,80
0.3873728026585949,0.6187412637902154,8402.94271356784,0,0.1,81
0.3810086272774734,0.6348480758298449,8047.948408710217,0,0.1,82
0.3892205537062658,0.6736935433367686,7191.794304857622,0,0.1,83
0.405051171515484,0.6506979619817174,7698.617085427136,0,0.1,84
0.40332419554806503,0.6350177156198413,8044.209715242881,0,0.1,85
0.33105412414915253,0.6034422262552934,8740.133333333333,0,0.1,86
0.3814695565234035,0.6709076158165297,7253.196314907873,0,0.1,87
0.3828129720004434,0.5844855706238391,9157.938023450586,0,0.1,88
0.3684076128898918,0.5873629414464944,9094.52093802345,0,0.1,89
0.42890117632490643,0.661840281261115,7453.040201005025,0,0.1,90
0.34804190143851377,0.6239589660340419,8287.944388609716,0,0.1,91
0.3986057082250867,0.5725476292533448,9421.050251256282,0,0.1,92
0.41559173727931825,0.5904219600725953,9027.099832495813,0,0.1,93
0.3569896663106367,0.6333210441195694,8081.604020100503,0,0.1,94
0.3616036951895708,0.5835382751628682,9178.816415410385,0,0.1,95
0.4074028005328249,0.6899936235928584,6832.540368509212,0,0.1,96
0.3425208178402846,0.5840794109689403,9166.889782244556,0,0.1,97
0.3734554924922342,0.6201192669335791,8372.571524288107,0,0.1,98
0.38684509916846105,0.6430356029998754,7867.495477386935,0,0.1,99
0.3825861756317835,0.631104577637127,8130.455276381909,0,0.2,0
0.4567282751907156,0.6970681675163476,6676.617420435511,0,0.2,1
0.4381849163917869,0.6608795413850864,7474.215075376885,0,0.2,2
0.3621877679901367,0.6283051069017197,8192.155443886097,0,0.2,3
0.3842259586199713,0.6674558363505367,7329.273366834171,0,0.2,4
0.3916913212039753,0.6185484895743084,8407.191289782244,0,0.2,5
0.4467802255809793,0.6553466895882923,7596.1591289782245,0,0.2,6
0.3902896092275013,0.6728103995476475,7211.258961474037,0,0.2,7
0.3995200621081557,0.6679990849589751,7317.300167504188,0,0.2,8
0.35654804473879376,0.6614456432191204,7461.738023450586,0,0.2,9
0.4040594248374455,0.6321518588100818,8107.372864321608,0,0.2,10
0.3949524525493692,0.6548170601951074,7607.8321608040205,0,0.2,11
0.3205476308747368,0.6080209121834216,8639.219095477387,0,0.2,12
0.4300452632223367,0.7161907313336191,6255.1564489112225,0,0.2,13
0.43422420028394676,0.67265220537047,7214.745393634841,0,0.2,14
0.410801992138787,0.6628076027445151,7431.7202680067,0,0.2,15
0.43300091603146396,0.6956045274770708,6708.8763819095475,0,0.2,16
0.4442992509797042,0.6619358437681451,7450.934003350084,0,0.2,17
0.38594230091007653,0.6380269769902143,7977.885427135679,0,0.2,18
0.40921809874744164,0.6502513398815006,7708.4606365159125,0,0.2,19
0.46611948471938724,0.6915700781584876,6797.795644891123,0,0.2,20
0.4027438663595428,0.6333052209018475,8081.953098827471,0,0.2,21
0.418726217721618,0.6212357841840783,8347.963484087102,0,0.2,22
0.3723435952676655,0.646533985718064,7790.390954773869,0,0.2,23
0.4175354831074141,0.6677669958990355,7322.41541038526,0,0.2,24
0.4188030554793443,0.6522550517256579,7664.298827470687,0,0.2,25
0.37775367218978206,0.6041469522445866,8724.601005025126,0,0.2,26
0.41368029655886784,0.6697263312934911,7279.231825795645,0,0.2,27
0.39272275033688636,0.6315083356893361,8121.556113902848,0,0.2,28
0.37938223006674954,0.5967508215609202,8887.611725293133,0,0.2,29
0.3984232626653135,0.627058287505282,8219.635175879397,0,0.2,30
0.38273221474362906,0.6229892581479692,8309.316582914573,0,0.2,31
0.4395615151320583,0.6848420186230608,6946.082077051927,0,0.2,32
0.42360327044734347,0.6761118812453071,7138.494137353434,0,0.2,33
0.4353635628880833,0.6741852790875127,7180.956448911223,0,0.2,34
0.37390951751441626,0.6655998534718359,7370.179229480737,0,0.2,35
0.36036222269231655,0.6242229295296811,8282.12663316583,0,0.2,36
0.4259097499000095,0.6500998489118308,7711.79932998325,0,0.2,37
0.3888751920719095,0.6731181390923159,7204.476046901173,0,0.2,38
0.43135270484728944,0.6987617838131979,6639.290117252931,0,0.2,39
0.35821131011130825,0.5979705317269955,8860.729648241206,0,0.2,40
0.4470121300741607,0.7220853891356358,6125.237855946399,0,0.2,41
0.36449106024605193,0.5764939640732397,9334.073031825796,0,0.2,42
0.35923886749259304,0.6458306201302946,7805.893132328309,0,0.2,43
0.4345284847659375,0.6949225711132796,6723.906532663316,0,0.2,44
0.4325699159720738,0.6488802831459171,7738.678391959799,0,0.2,45
0.4040761403305256,0.688954216028722,6855.4492462311555,0,0.2,46
0.4479739696210015,0.6989269167981468,6635.650921273032,0,0.2,47
0.40050296400261337,0.6410943024256187,7910.281742043551,0,0.2,48
0.43796750541884927,0.694721520488103,6728.337688442211,0,0.2,49
0.37383735456407957,0.6147493517192738,8490.924288107202,0,0.2,50
0.43717733773462286,0.6607648344566146,7476.743048576214,0,0.2,51
0.44505357637352544,0.6815474605331558,7018.694137353434,0,0.2,52
0.4361562714655694,0.6920065542473407,6788.1755443886095,0,0.2,53
0.4212407452553249,0.6322927857679201,8104.267001675042,0,0.2,54
0.4035107516330188,0.6795602103074354,7062.493132328308,0,0.2,55
0.445764610575056,0.6791498022477784,7071.538358458962,0,0.2,56
0.41579455580288044,0.6620496386955953,7448.425795644891,0,0.2,57
0.3851716084904685,0.6096675680276762,8602.92663316583,0,0.2,58
0.3964604913502796,0.656499816079794,7570.74405360134,0,0.2,59
0.3919067644432837,0.6264943516736738,8232.064656616416,0,0.2,60
0.40461414997365086,0.6845223546650372,6953.127303182579,0,0.2,61
0.3587263239264861,0.5928922744393473,8972.654271356783,0,0.2,62
0.3777329813772725,0.6488829811489388,7738.6190954773865,0,0.2,63
0.39942564482003934,0.6350039824044603,8044.512227805695,0,0.2,64
0.4047792464749596,0.6886494556873904,6862.165829145729,0,0.2,65
0.4260279833768994,0.6505193921817193,7702.55242881072,0,0.2,66
0.3959650835166572,0.6067433963526039,8667.37554438861,0,0.2,67
0.4090494596894146,0.6575789336884058,7546.9601340033505,0,0.2,68
0.41618734798768015,0.6678209787594962,7321.225795644891,0,0.2,69
0.36665888918869627,0.6345993807513064,8053.429480737019,0,0.2,70
0.4397810990161168,0.6996112443645937,6620.568174204355,0,0.2,71
0.38894985270160604,0.6230653646332084,8307.6391959799,0,0.2,72
0.36982222995925823,0.6142195095258507,8502.602010050252,0,0.2,73
0.40778445637969285,0.6462196645660243,7797.318592964824,0,0.2,74
0.3881871644503835,0.6271788160402739,8216.978894472362,0,0.2,75
0.39951222546241133,0.6572643465360681,7553.893802345058,0,0.2,76
0.3893612934004281,0.6242897716045442,8280.653601340033,0,0.2,77
0.38546123780959207,0.6707060635907911,7257.638525963149,0,0.2,78
0.3897055517048496,0.6513338090938662,7684.6026800670015,0,0.2,79
0.3929073379352572,0.6256903239731628,8249.785259631491,0,0.2,80
0.45167100344444794,0.6796309739866908,7060.933333333333,0,0.2,81
0.38586404597478297,0.6388758599409631,7959.17621440536,0,0.2,82
0.3962743394975752,0.6047545425250876,8711.209715242881,0,0.2,83
0.403486990130222,0.6696020939543452,7281.969849246231,0,0.2,84
0.348141074894133,0.6123069065837354,8544.755778894472,0,0.2,85
0.46952842524703614,0.7138303662900102,6307.178894472362,0,0.2,86
0.39756774614643164,0.6686542816927955,7302.859631490787,0,0.2,87
0.39489984007732926,0.6178596020027544,8422.374204355108,0,0.2,88
0.32864733732386375,0.5768411628621024,9326.420770519262,0,0.2,89
0.42712496603220756,0.6894695118058531,6844.092127303183,0,0.2,90
0.34384608644364867,0.584385539311804,9160.142713567839,0,0.2,91
0.4051622087577819,0.6768593344824547,7122.020435510888,0,0.2,92
0.36826259330278993,0.6599318583236813,7495.101842546063,0,0.2,93
0.38663812137725506,0.6263310350907593,8235.663986599666,0,0.2,94
0.40689230949119304,0.6431953931788403,7863.973534338358,0,0.2,95
0.418406474720607,0.6583186805169222,7530.656281407035,0,0.2,96
0.36927429141737245,0.6346659036258122,8051.963484087102,0,0.2,97
0.36180648255263737,0.6121947228580895,8547.228475711892,0,0.2,98
0.46001006799837807,0.7120550043016048,6346.307537688443,0,0.2,99
0.4339160181575305,0.6889126439821613,6856.365494137353,0,0.3,0
0.40590420913515346,0.6789595664347144,7075.731323283082,0,0.3,1
0.4534470237715553,0.7178065311433148,6219.54405360134,0,0.3,2
0.3977347655864278,0.6483631329667089,7750.076716917923,0,0.3,3
0.46337615308145075,0.6633714777760551,7419.292462311558,0,0.3,4
0.41124187382078714,0.6880712166397627,6874.910552763819,0,0.3,5
0.3982644736251913,0.6572071944720579,7555.153433835846,0,0.3,6
0.4199506266004434,0.649882899068847,7716.580904522613,0,0.3,7
0.4125092938777565,0.6451073121201895,7821.834840871022,0,0.3,8
0.429283263995459,0.6909151550249736,6812.229815745393,0,0.3,9
0.4053397115496618,0.6619001617281811,7451.7202680067,0,0.3,10
0.40099182808428113,0.6395300382736429,7944.758123953099,0,0.3,11
0.4315778596968539,0.6864548012293773,6910.536013400335,0,0.3,12
0.3997000312723488,0.6465817897716044,7789.337353433836,0,0.3,13
0.3723876763492782,0.6419523205865991,7891.370854271357,0,0.3,14
0.4281511080970876,0.6827572298880975,6992.030485762144,0,0.3,15
0.4203871690722296,0.662447217940884,7439.663316582914,0,0.3,16
0.41243415913093706,0.6619201497505676,7451.2797319933,0,0.3,17
0.4360563178363144,0.7001614849808633,6608.440871021776,0,0.3,18
0.3587286360203577,0.6045315202753028,8716.125293132329,0,0.3,19
0.3904482069778783,0.6316523558506385,8118.382244556114,0,0.3,20
0.4266143991256291,0.6759010798092093,7143.140368509213,0,0.3,21
0.43958572031583903,0.7039434848167031,6525.085427135678,0,0.3,22
0.4169605581550207,0.6861514468896205,6917.222110552764,0,0.3,23
0.43565082820195056,0.6855595202266627,6930.2680067001675,0,0.3,24
0.4416522496063697,0.6939713692479336,6744.871021775544,0,0.3,25
0.39945973613136376,0.671335853496156,7243.757788944724,0,0.3,26
0.3774284579355915,0.6542942936096088,7619.353768844221,0,0.3,27
0.4054774740900674,0.6616824366843291,7456.519262981575,0,0.3,28
0.3818321853612934,0.6631900807728905,7423.2907872696815,0,0.3,29
0.44380715951776867,0.688448070661839,6866.604690117253,0,0.3,30
0.4189863870839722,0.6801946894180521,7048.5088777219435,0,0.3,31
0.39302745776264564,0.6585886024192347,7524.707202680067,0,0.3,32
0.40825212728175697,0.6765054324860844,7129.820100502513,0,0.3,33
0.4020686759383368,0.6229991153590093,8309.099497487437,0,0.3,34
0.379065589245649,0.6411533620917654,7908.979899497487,0,0.3,35
0.35976676988296563,0.6637325009804012,7411.33567839196,0,0.3,36
0.4083266460334568,0.6268252180442441,8224.772194304858,0,0.3,37
0.4406409765725449,0.6682736656665055,7311.24824120603,0,0.3,38
0.417420775365973,0.6765936305848662,7127.8763819095475,0,0.3,39
0.44098031770088303,0.689464936600729,6844.19296482412,0,0.3,40
0.41304691707530594,0.6870970095486507,6896.381909547738,0,0.3,41
0.46283457475710527,0.6801811690029094,7048.80703517588,0,0.3,42
0.36091159336173917,0.601161904501333,8790.39162479062,0,0.3,43
0.4707065079645743,0.6796735416343667,7059.994974874372,0,0.3,44
0.40905796228114416,0.6782290764165656,7091.831155778895,0,0.3,45
0.43586041822811983,0.6798749418599349,7055.556113902848,0,0.3,46
0.4094114664514524,0.6106681471483248,8580.87403685092,0,0.3,47
0.427293178765045,0.6991220774167266,6631.349413735344,0,0.3,48
0.3786475001438258,0.6487321361799926,7741.943718592965,0,0.3,49
0.4411092412203918,0.6811036656361056,7028.475376884422,0,0.3,50
0.42882362508268806,0.6668669192909497,7342.253266331658,0,0.3,51
0.4050017955610785,0.6209537554682062,8354.179229480736,0,0.3,52
0.44821327232896,0.6965093920905191,6688.932998324958,0,0.3,53
0.3824613064653099,0.6655880354585997,7370.43986599665,0,0.3,54
0.4543769409409872,0.683455564270232,6976.639530988275,0,0.3,55
0.42990972069588324,0.6653382535788441,7375.94472361809,0,0.3,56
0.4221050067599238,0.6846437192009656,6950.452596314908,0,0.3,57
0.4175082418982783,0.6538886507552888,7628.294137353434,0,0.3,58
0.41075091104101563,0.659174198275102,7511.800670016751,0,0.3,59
0.41885319963642315,0.6855649694327658,6930.148073701843,0,0.3,60
0.4159458874396454,0.6926134225270332,6774.8,0,0.3,61
0.3773482703519983,0.6362329645809203,8017.425460636516,0,0.3,62
0.4110839949938857,0.6573326326125486,7552.388609715243,0,0.3,63
0.40503453093240455,0.6542586647697046,7620.139028475712,0,0.3,64
0.4067251674123594,0.6837302209778474,6970.585929648241,0,0.3,65
0.39498687242446545,0.6607716972643009,7476.59162479062,0,0.3,66
0.3745328527789652,0.6301823394042202,8150.781239530988,0,0.3,67
0.4357720582675524,0.6923272138064794,6781.108207705192,0,0.3,68
0.4160539160361887,0.6606144986882385,7480.056616415411,0,0.3,69
0.40642973479732997,0.639875329460369,7937.1477386934675,0,0.3,70
0.4788768595149465,0.6941695166698587,6740.503852596315,0,0.3,71
0.41511340980552297,0.6788819703478068,7077.441541038526,0,0.3,72
0.39759549481015904,0.63313093750665,8085.794304857622,0,0.3,73
0.38984462825069527,0.6592591587702578,7509.92797319933,0,0.3,74
0.40051448371691123,0.6680254037884523,7316.7202680067,0,0.3,75
0.4492139444650715,0.7012887258433729,6583.596649916248,0,0.3,76
0.36914694077352445,0.6551344593505943,7600.836515912898,0,0.3,77
0.4438494502714636,0.7102212818478357,6386.722948073701,0,0.3,78
0.4124404532457693,0.6096035987560307,8604.336683417085,0,0.3,79
0.3837968590663924,0.636304533861078,8015.847906197655,0,0.3,80
0.41975456832389263,0.6881952335786616,6872.176884422111,0,0.3,81
0.3879723360013493,0.6066861378884744,8668.637520938024,0,0.3,82
0.42814134555557004,0.6797272584945295,7058.811055276382,0,0.3,83
0.41494868625212183,0.6511465144840961,7688.730988274707,0,0.3,84
0.36177497906601375,0.612820796359292,8533.429815745394,0,0.3,85
0.40923143994870087,0.6611540080924891,7468.165494137354,0,0.3,86
0.40685594729881747,0.6446783144397121,7831.290117252931,0,0.3,87
0.43050861469156143,0.6847899585647537,6947.229480737018,0,0.3,88
0.37509838271994356,0.6372363177046758,7995.311557788945,0,0.3,89
0.43205880360609916,0.6488068822637081,7740.296147403685,0,0.3,90
0.4484701513243177,0.702538950043624,6556.041541038526,0,0.3,91
0.4186343630168214,0.6506115346849188,7700.521608040201,0,0.3,92
0.3833897341692438,0.685841997343037,6924.042546063652,0,0.3,93
0.3849939337948793,0.6349904619893174,8044.810050251256,0,0.3,94
0.3868766055842309,0.6391208462153477,7953.776549413736,0,0.3,95
0.38700915800493174,0.6133722149768808,8521.276381909547,0,0.3,96
0.4543838116634024,0.7117392543479649,6353.267001675042,0,0.3,97
0.42309176835507817,0.6921144743682113,6785.796984924623,0,0.3,98
0.43253659103483655,0.6833318817317076,6979.365159128978,0,0.3,99
0.4404253685507481,0.7088344094945387,6417.289447236181,0,0.4,0
0.4391923522633207,0.6589170519870982,7517.468006700167,0,0.4,1
0.45184641225170874,0.7122599081310971,6341.79162479062,0,0.4,2
0.3982233234009393,0.671349168711069,7243.46432160804,0,0.4,3
0.4290014090673303,0.6764862424645917,7130.243216080402,0,0.4,4
0.4050172850523882,0.6552148294406089,7599.065326633166,0,0.4,5
0.41436068273059573,0.672497400797089,7218.157118927973,0,0.4,6
0.4312626967288366,0.6542628903744372,7620.045896147403,0,0.4,7
0.43080013686565327,0.7000929557041103,6609.951088777219,0,0.4,8
0.43335682175958706,0.69105083037693,6809.239530988275,0,0.4,9
0.38445963708480274,0.6679163436663049,7319.1236180904525,0,0.4,10
0.4326754140368321,0.6880436970089406,6875.516917922948,0,0.4,11
0.41425155539702274,0.661771569584158,7454.554773869347,0,0.4,12
0.4115985405019927,0.6857136179992521,6926.871691792295,0,0.4,13
0.43116318210355087,0.6785756672047472,7084.19229480737,0,0.4,14
0.3922361699877337,0.681491638470635,7019.924288107202,0,0.4,15
0.4454130538491565,0.712267447339541,6341.6254606365155,0,0.4,16
0.42831506426891897,0.67261073212402,7215.659296482412,0,0.4,17
0.41766678946435304,0.6855913110622684,6929.567504187605,0,0.4,18
0.4492317058395958,0.6878695808139306,6879.354438860972,0,0.4,19
0.411904664657543,0.6723590578421448,7221.206365159129,0,0.4,20
0.40149195197080334,0.6545945395458842,7612.73634840871,0,0.4,21
0.43236275383628975,0.6723878618744052,7220.571524288107,0,0.4,22
0.42342552068150696,0.6801858506081527,7048.703852596315,0,0.4,23
0.4535244604787984,0.6874896943884576,6887.72730318258,0,0.4,24
0.4276228333095952,0.6658618637652873,7364.404690117253,0,0.4,25
0.43419734143812244,0.6718781065034793,7231.806365159129,0,0.4,26
0.42138789650876673,0.6676508449689463,7324.975209380234,0,0.4,27
0.4110315774770774,0.6777944547297892,7101.4100502512565,0,0.4,28
0.4126535529543084,0.6734373166497946,7197.441541038526,0,0.4,29
0.39896496401960146,0.6184034966119162,8410.386934673366,0,0.4,30
0.3808315274056264,0.6445236086664416,7834.699497487437,0,0.4,31
0.41335060523220296,0.6474036774921188,7771.223115577889,0,0.4,32
0.4357165342127246,0.6894559077906167,6844.391959798995,0,0.4,33
0.41234218829142466,0.7014655096413708,6579.700167504187,0,0.4,34
0.42170457955235496,0.6835613943887617,6974.306867671692,0,0.4,35
0.3984444522139936,0.6455156301775059,7812.835510887772,0,0.4,36
0.417392790487308,0.6423287338081818,7883.074706867672,0,0.4,37
0.4490360833031035,0.6748059185826288,7167.277386934674,0,0.4,38
0.43463303297315303,0.6720628323103721,7227.735343383584,0,0.4,39
0.36759868423224973,0.6647253128923505,7389.453936348409,0,0.4,40
0.4009753523615711,0.668871079535609,7298.081407035176,0,0.4,41
0.425975737096095,0.66948893742761,7284.46365159129,0,0.4,42
0.45768671132236954,0.7055098465710281,6490.563149078727,0,0.4,43
0.40295772063741137,0.6581801475617652,7533.709547738694,0,0.4,44
0.4375229480881488,0.6964793416568628,6689.595309882747,0,0.4,45
0.42661814420763605,0.6955018969621246,6711.138023450586,0,0.4,46
0.40394664022328175,0.6521315667873548,7667.020100502513,0,0.4,47
0.40471847262115707,0.6453710400155649,7816.0221105527635,0,0.4,48
0.39713811904722696,0.6741141278078231,7182.524623115578,0,0.4,49
0.4004985201982195,0.6776685377887623,7104.185594639866,0,0.4,50
0.40475673680256535,0.6955207981832939,6710.721608040201,0,0.4,51
0.4362642728680835,0.6667296631372227,7345.278391959799,0,0.4,52
0.4231269566116131,0.693978916056386,6744.70485762144,0,0.4,53
0.4316479155254848,0.6681637847434388,7313.670016750419,0,0.4,54
0.4153257776304437,0.671798093613865,7233.570184254606,0,0.4,55
0.40475367967286585,0.6482737264665737,7752.047236180904,0,0.4,56
0.40841385818559245,0.6481947167780828,7753.788609715243,0,0.4,57
0.397694211289725,0.6263423743034593,8235.414070351759,0,0.4,58
0.39130559227172873,0.6462192693655817,7797.327303182579,0,0.4,59
0.4109207034144135,0.6671381331947093,7336.275376884422,0,0.4,60
0.44429903736344006,0.6841693570696799,6960.907537688442,0,0.4,61
0.4141697015845994,0.6865069980878378,6909.385594639866,0,0.4,62
0.42734048025573357,0.7060467111723165,6478.730318257956,0,0.4,63
0.4226337229367523,0.6668663340902943,7342.265996649916,0,0.4,64
0.4437353926818352,0.6889521336263897,6855.494807370184,0,0.4,65
0.4428117995686346,0.6852959671314831,6936.077051926298,0,0.4,66
0.43325315706343237,0.6905829890529477,6819.55108877722,0,0.4,67
0.4267956543511591,0.6900441256494207,6831.427470686767,0,0.4,68
0.4131135928842126,0.6662420465910922,7356.025460636516,0,0.4,69
0.405864487913998,0.655544951010345,7591.789279731994,0,0.4,70
0.4092881922269854,0.6645087886498433,7394.226465661642,0,0.4,71
0.4178151569254909,0.6761947213380879,7136.668341708542,0,0.4,72
0.41617521135901325,0.6509461782597197,7693.1463986599665,0,0.4,73
0.4358841884995934,0.681259009810091,7025.051591289783,0,0.4,74
0.4557789670907392,0.6883590897621805,6868.565494137353,0,0.4,75
0.4094588173736788,0.6784851511033694,7086.187269681742,0,0.4,76
0.41789149664848296,0.6691775650788729,7291.3262981574535,0,0.4,77
0.44185476585206884,0.6897948377702183,6836.921943048576,0,0.4,78
0.42535451282324377,0.6481806719623526,7754.097822445561,0,0.4,79
0.44835350417224834,0.6981151066889195,6653.5430485762145,0,0.4,80
0.4497774732675185,0.7132249496119436,6320.521943048576,0,0.4,81
0.40167062095112366,0.6547880357626,7608.471691792295,0,0.4,82
0.43612515912958655,0.6989806868583692,6634.465661641541,0,0.4,83
0.4349553892653909,0.6968072136240793,6682.368844221106,0,0.4,84
0.4012100252777647,0.6576346493508072,7545.732328308208,0,0.4,85
0.3944469916826596,0.6573931134802871,7551.055611390285,0,0.4,86
0.39673100519822235,0.6497611545324931,7719.2643216080405,0,0.4,87
0.3992405778861371,0.6595145342562784,7504.299497487437,0,0.4,88
0.4226009349955874,0.6503254855645438,7706.826130653267,0,0.4,89
0.4256789172789247,0.680518024180187,7041.382579564489,0,0.4,90
0.3855696117725075,0.6288675987317105,8179.758123953099,0,0.4,91
0.39896049393905103,0.6520069722478089,7669.766499162479,0,0.4,92
0.39429488395785783,0.6616065809993706,7458.19095477387,0,0.4,93
0.3599977188943226,0.6204489021027704,8365.306197654942,0,0.4,94
0.37305832200251365,0.6058434565446713,8687.210050251257,0,0.4,95
0.41688447692808844,0.6763259734850904,7133.77554438861,0,0.4,96
0.44071910029366906,0.7057901956850192,6484.38391959799,0,0.4,97
0.4088481929758954,0.6670438778891432,7338.352763819095,0,0.4,98
0.4266034598558882,0.6831902175730438,6982.48743718593,0,0.4,99
0.43496019777676953,0.6847984857743041,6947.041541038526,0,0.5,0
0.43557088681782025,0.690724288411203,6816.436850921273,0,0.5,1
0.4064759117140697,0.666037173161634,7360.540703517588,0,0.5,2
0.427167009060557,0.6989061459748835,6636.108542713568,0,0.5,3
0.420889813350567,0.6689287028001472,7296.811390284757,0,0.5,4
0.4001257188740676,0.6703351223753371,7265.813735343384,0,0.5,5
0.4170681243400879,0.675155663374343,7159.569179229481,0,0.5,6
0.4405484534488721,0.6894089853380636,6845.425795644891,0,0.5,7
0.3965519407169004,0.6595629843105425,7503.231825795645,0,0.5,8
0.4222572228322663,0.6682533432437444,7311.696147403685,0,0.5,9
0.3981504323739418,0.6536111136444474,7634.411055276382,0,0.5,10
0.42375580079538594,0.6816957670992592,7015.425460636516,0,0.5,11
0.42418824973284924,0.6937889006435688,6748.892797319933,0,0.5,12
0.4382798642608844,0.6957908796857852,6704.768844221106,0,0.5,13
0.4273799958142044,0.6739276615989809,7186.634505862647,0,0.5,14
0.42743797477109496,0.680718884805151,7036.955778894472,0,0.5,15
0.40441303307935755,0.6599182087083938,7495.402680067002,0,0.5,16
0.41138232804867453,0.6480868802573059,7756.165159128978,0,0.5,17
0.43985827192932103,0.6883662033701478,6868.4087102177555,0,0.5,18
0.442552107157054,0.691979749017319,6788.766499162479,0,0.5,19
0.44796932291171615,0.6824771011743533,6998.2046901172525,0,0.5,20
0.42285627092120104,0.6822639969356766,7002.901507537688,0,0.5,21
0.4648015325397138,0.6839305800022495,6966.169849246231,0,0.5,22
0.40088181445464993,0.6654115024608828,7374.330318257957,0,0.5,23
0.41148743234180485,0.6687171413631983,7301.474036850921,0,0.5,24
0.4161329568307378,0.6742519843622226,7179.486097152429,0,0.5,25
0.42751833654495675,0.666758284769279,7344.647236180905,0,0.5,26
0.4213523239052297,0.6523355814158511,7662.523618090452,0,0.5,27
0.42358311217308614,0.6794216013521936,7065.548073701842,0,0.5,28
0.3747464903287987,0.6187758210289196,8402.180904522613,0,0.5,29
0.41215179292771886,0.6784700954865069,7086.519262981575,0,0.5,30
0.3883024234804441,0.65123245538035,7686.836850921273,0,0.5,31
0.429860114072602,0.6797415313105151,7058.496817420436,0,0.5,32
0.3914155587810652,0.6701169869310254,7270.621440536013,0,0.5,33
0.4498157179455955,0.7022761645493042,6561.833165829145,0,0.5,34
0.3955197463570591,0.6793264036455721,7067.646231155779,0,0.5,35
0.4391503207590851,0.6742694263817575,7179.101842546063,0,0.5,36
0.43858379997039354,0.6963612299245776,6692.198659966499,0,0.5,37
0.43030030024236365,0.6833131325107085,6979.778559463986,0,0.5,38
0.43881518107012035,0.6910737900026447,6808.733668341709,0,0.5,39
0.44088424265811577,0.6859797246972915,6921.0070351758795,0,0.5,40
0.4074521908497765,0.6688106518679301,7299.413400335008,0,0.5,41
0.3840024023719664,0.6351279233432741,8041.780569514238,0,0.5,42
0.4142054294782535,0.665524582987533,7371.838190954774,0,0.5,43
0.4182761139095194,0.6623747822597561,7441.259631490787,0,0.5,44
0.44413046513592175,0.6877387922674474,6882.236850921273,0,0.5,45
0.43488651236157255,0.6913341434942407,6802.995309882747,0,0.5,46
0.39722988331301523,0.6651939142171839,7379.126298157454,0,0.5,47
0.4248637154221019,0.684143175040356,6961.484422110553,0,0.5,48
0.40858601396110805,0.6534902203090468,7637.075376884422,0,0.5,49
0.410728117809508,0.6844662058021505,6954.364824120603,0,0.5,50
0.4003486205154328,0.6647382633068548,7389.168844221105,0,0.5,51
0.3575429647428774,0.6352237366505851,8039.669011725293,0,0.5,52
0.41322085863916125,0.6684880619066293,7306.523283082077,0,0.5,53
0.45218378805236864,0.6841693646696885,6960.907202680067,0,0.5,54
0.39396923185235383,0.6448003553763981,7828.600335008376,0,0.5,55
0.3921250047998565,0.6762349861831844,7135.780904522613,0,0.5,56
0.38808544153236546,0.6473005681766364,7773.495477386935,0,0.5,57
0.41123953035292743,0.6857526060429189,6926.012730318258,0,0.5,58
0.4149143137684132,0.6688011062572391,7299.62378559464,0,0.5,59
0.39843863859759643,0.6802254542525087,7047.831155778895,0,0.5,60
0.44368106506077376,0.6969363681687324,6679.522278056951,0,0.5,61
0.4036314476114121,0.6515936837849259,7678.875376884422,0,0.5,62
0.4127516819008364,0.6440030536834201,7846.172529313233,0,0.5,63
0.41966014423573567,0.6833480773498466,6979.008375209381,0,0.5,64
0.44653454175444157,0.6773228970016447,7111.803350083752,0,0.5,65
0.39943982655250126,0.653704890149477,7632.34405360134,0,0.5,66
0.41148384249746217,0.6675298756334608,7327.641541038526,0,0.5,67
0.44717902769978324,0.6965186565008952,6688.728978224455,0,0.5,68
0.41956764627125037,0.6674117639011756,7330.244891122278,0,0.5,69
0.39260128967452534,0.6320660927140238,8109.263316582915,0,0.5,70
0.3986509231285167,0.6418714184959887,7893.154103852597,0,0.5,71
0.40740152359007803,0.6732896940844574,7200.6951423785595,0,0.5,72
0.4321145786819484,0.6885371123615658,6864.642211055277,0,0.5,73
0.420605233361011,0.6685465895721803,7305.233165829146,0,0.5,74
0.4495276567875639,0.694412792942328,6735.142043551089,0,0.5,75
0.39554415662465325,0.6665045584851055,7350.239530988275,0,0.5,76
0.41779940120043774,0.7049061550948937,6503.868341708543,0,0.5,77
0.3983879257579615,0.6618493024712189,7452.841541038526,0,0.5,78
0.43591289600314675,0.7040276321109479,6523.231155778894,0,0.5,79
0.4058887395502984,0.6578400167808188,7541.206030150754,0,0.5,80
0.4307767859897977,0.6843218664404904,6957.546063651591,0,0.5,81
0.43860046703651406,0.6943986949265384,6735.452596314908,0,0.5,82
0.39404518376817205,0.6363561531188915,8014.710552763819,0,0.5,83
0.3973427870892844,0.6547612305325782,7609.062646566164,0,0.5,84
0.41773642634454394,0.6562677650198968,7575.8586264656615,0,0.5,85
0.4295782442822468,0.6762555290061925,7135.328308207705,0,0.5,86
0.42326458534101047,0.6736962489397988,7191.734673366835,0,0.5,87
0.4111194549395375,0.6662421149911688,7356.02378559464,0,0.5,88
0.42492731643725895,0.6713650451288506,7243.114572864321,0,0.5,89
0.43689654397609246,0.6922983413741424,6781.744388609715,0,0.5,90
0.424323231660731,0.6969014765296537,6680.291457286432,0,0.5,91
0.38262044632606856,0.6421262543814049,7887.537353433836,0,0.5,92
0.4050195045892637,0.678821367879932,7078.777219430486,0,0.5,93
0.388423034070501,0.6461645189042612,7798.534003350083,0,0.5,94
0.4442750553860738,0.698814109871803,6638.137018425461,0,0.5,95
0.4269871021384962,0.6805803746500196,7040.008710217756,0,0.5,96
0.42916279075896874,0.6904985225583452,6821.412395309882,0,0.5,97
0.45674421679911337,0.7012069953518348,6585.397989949749,0,0.5,98
0.4008521608498676,0.6612582422092312,7465.868341708543,0,0.5,99
0.39918555205953304,0.6575981921099752,7546.53567839196,0,0.6,0
0.4267766092471754,0.6848360298163534,6946.213735343384,0,0.6,1
0.4267676866858012,0.6738226294813451,7188.949078726968,0,0.6,2
0.41428874082642037,0.6471869632493988,7775.9993299832495,0,0.6,3
0.42060829818912165,0.6601844066065353,7489.53567839196,0,0.6,4
0.4246187787757856,0.6743284632478789,7177.800670016751,0,0.6,5
0.42115422538230907,0.6788077942647297,7079.076046901173,0,0.6,6
0.44320750253131436,0.6805025657628736,7041.723618090452,0,0.6,7
0.42242058144678274,0.6762921002471524,7134.522278056951,0,0.6,8
0.41727996129129413,0.6887197861661605,6860.61608040201,0,0.6,9
0.4183092727459776,0.6715638309514906,7238.732998324958,0,0.6,10
0.41662435377272755,0.6872794781530155,6892.36013400335,0,0.6,11
0.42120836843899023,0.6618796949052582,7452.171524288107,0,0.6,12
0.43088653141966105,0.691286825841245,6804.038525963149,0,0.6,13
0.43337366784236087,0.6743004420164951,7178.418425460636,0,0.6,14
0.43257378896110393,0.6826490893669801,6994.414070351759,0,0.6,15
0.42867581545264477,0.6894900394288442,6843.639530988275,0,0.6,16
0.41824679264320996,0.680147158964818,7049.556783919598,0,0.6,17
0.41670468457165494,0.6617721091847624,7454.542713567839,0,0.6,18
0.44312529207376833,0.6988139198715901,6638.1413735343385,0,0.6,19
0.4024942924757442,0.6709007758088689,7253.346733668342,0,0.6,20
0.4521125526901279,0.710205967830684,6387.060636515913,0,0.6,21
0.42233560654288765,0.6544182041483886,7616.622780569514,0,0.6,22
0.4264806113921342,0.691645462642918,6796.134003350084,0,0.6,23
0.4160322176579617,0.6762078769528223,7136.378224455611,0,0.6,24
0.4316086094592578,0.6993009208170313,6627.40770519263,0,0.6,25
0.4109394706489503,0.6817263495335115,7014.75108877722,0,0.6,26
0.42276071021512523,0.6855552110218363,6930.363149078727,0,0.6,27
0.434278400741861,0.6872580841290543,6892.831825795645,0,0.6,28
0.4240840116890085,0.671079968809565,7249.397654941374,0,0.6,29
0.4196409830824113,0.6738572095200747,7188.1869346733665,0,0.6,30
0.43365994345819286,0.6886929353360876,6861.20770519263,0,0.6,31
0.43062387013343695,0.6960002143202401,6700.155108877722,0,0.6,32
0.3944222623337499,0.6749979783977358,7163.044556113903,0,0.6,33
0.40948185926568476,0.6704635625191899,7262.98324958124,0,0.6,34
0.43348179959953487,0.6648192565975674,7387.383584589615,0,0.6,35
0.4015369324291039,0.6849897323885002,6942.826465661641,0,0.6,36
0.41144576999279253,0.6668793833049093,7341.978224455612,0,0.6,37
0.3885172671915783,0.6592591663702664,7509.92797319933,0,0.6,38
0.4092705534363053,0.662693055416222,7434.244891122278,0,0.6,39
0.42989535394075634,0.6734425834556934,7197.325293132329,0,0.6,40
0.4169088127785531,0.6624489735428504,7439.624455611391,0,0.6,41
0.41802409043926053,0.681249494599434,7025.261306532663,0,0.6,42
0.4074622393205339,0.6598766822618841,7496.317922948074,0,0.6,43
0.42797782394935313,0.6770526786990001,7117.75879396985,0,0.6,44
0.3958623231269815,0.6593944845218226,7506.945393634841,0,0.6,45
0.4347972947680226,0.6765785977680295,7128.20770519263,0,0.6,46
0.4661034764363496,0.7088175070756079,6417.662311557789,0,0.6,47
0.4285400366532653,0.6921402307970586,6785.229480737018,0,0.6,48
0.42393891172331993,0.685701549185735,6927.138023450586,0,0.6,49
0.4396937382828759,0.7034472422609113,6536.022780569514,0,0.6,50
0.4250295805887125,0.687459879555065,6888.384254606365,0,0.6,51
0.4175176929347877,0.6761144120481415,7138.438190954774,0,0.6,52
0.41147831790148737,0.6715990797909693,7237.956448911223,0,0.6,53
0.3913760775347444,0.6651574873763858,7379.928978224456,0,0.6,54
0.41064610074195623,0.6626626477821654,7434.915242881072,0,0.6,55
0.41580875668105344,0.6563378978984457,7574.312897822446,0,0.6,56
0.4203966244529244,0.6668376136581272,7342.899162479062,0,0.6,57
0.42377305765765083,0.6835513699775344,6974.52797319933,0,0.6,58
0.402860706104963,0.640698326782126,7919.008710217756,0,0.6,59
0.44462329985978377,0.7249879539865085,6061.265326633165,0,0.6,60
0.39426702167298394,0.6562254481725021,7576.791289782244,0,0.6,61
0.4341436998974641,0.6785932308244186,7083.805360134003,0,0.6,62
0.4356506946626295,0.6702731519059302,7267.179899497487,0,0.6,63
0.46289806952956025,0.7082276020149143,6430.66365159129,0,0.6,64
0.41728711935911955,0.6777402970691327,7102.603685092127,0,0.6,65
0.3976399200682998,0.6700652688731011,7271.761474036851,0,0.6,66
0.41505963346551694,0.6794518341860543,7064.8814070351755,0,0.6,67
0.46268520887017134,0.709089632980389,6411.66432160804,0,0.6,68
0.4139209363107078,0.6661263820615478,7358.574539363484,0,0.6,69
0.42581067080151774,0.6838414927024717,6968.133333333333,0,0.6,70
0.4431059065521463,0.7017090215141041,6574.332998324958,0,0.6,71
0.431452163634041,0.6825259616290771,6997.12797319933,0,0.6,72
0.42389354310863225,0.6869970770367262,6898.584254606365,0,0.6,73
0.4297642825709234,0.6878451315865473,6879.893467336683,0,0.6,74
0.4261241150715547,0.6711607493000392,7247.617085427136,0,0.6,75
0.4092312353819511,0.6525281808315625,7658.279061976549,0,0.6,76
0.42100194620721487,0.6813146950724585,7023.824120603015,0,0.6,77
0.4266574777623429,0.6659700802864899,7362.019430485762,0,0.6,78
0.42655356495834057,0.6603035823400123,7486.908877721943,0,0.6,79
0.4149431265831624,0.6725926973038209,7216.056951423786,0,0.6,80
0.4381088955144254,0.6889302456018752,6855.977554438861,0,0.6,81
0.41472658204417984,0.6817439891532678,7014.362479061977,0,0.6,82
0.40879382611859383,0.6456873447698261,7809.050921273032,0,0.6,83
0.4318312680723266,0.6752775903109012,7156.881742043551,0,0.6,84
0.4311782379254838,0.6771251827802047,7116.160804020101,0,0.6,85
0.40275571817300354,0.6891772382785069,6850.533668341708,0,0.6,86
0.42538099294581216,0.6756651451449625,7148.340368509213,0,0.6,87
0.4135036014561472,0.6847109640762798,6948.970519262982,0,0.6,88
0.41118082260190686,0.6966215910161819,6686.460301507538,0,0.6,89
0.4376522927987288,0.6981032582756493,6653.804355108878,0,0.6,90
0.43106184405486814,0.6792271855344477,7069.83283082077,0,0.6,91
0.41813492586489204,0.678132168708029,7093.967169179229,0,0.6,92
0.42006288856962887,0.6801381681547484,7049.7547738693465,0,0.6,93
0.41189448439374154,0.6827124810379788,6993.01675041876,0,0.6,94
0.4076773740402944,0.6800155344173985,7052.457621440536,0,0.6,95
0.4192899082072411,0.6777548282854076,7102.283417085428,0,0.6,96
0.44517143299280104,0.6835424855675838,6974.723618090452,0,0.6,97
0.40152463067411603,0.6666452042426287,7347.139698492462,0,0.6,98
0.4047855721032864,0.6685875612180685,7304.330318257957,0,0.6,99
0.4182055729044221,0.6709215542321407,7252.8891122278055,0,0.7,0
0.43207234926502297,0.6968698148941929,6680.9892797319935,0,0.7,1
0.4244409235128256,0.7009727326894606,6590.561139028476,0,0.7,2
0.4102643891839993,0.6745730771218463,7172.409380234506,0,0.7,3
0.4209672503236322,0.6846085539615805,6951.227470686767,0,0.7,4
0.42347772010972623,0.690546524212107,6820.354438860972,0,0.7,5
0.39856898008481856,0.6601045077170486,7491.296817420435,0,0.7,6
0.4293323590420814,0.6996483020060983,6619.751423785595,0,0.7,7
0.4218383172326122,0.6759043326128524,7143.068341708543,0,0.7,8
0.394832382938697,0.6534710378875624,7637.498492462311,0,0.7,9
0.4207070818952516,0.6833576153605293,6978.797989949749,0,0.7,10
0.4170783610179447,0.6591677610678925,7511.942378559464,0,0.7,11
0.42157999400099366,0.6895661687141089,6841.961474036851,0,0.7,12
0.425421281079079,0.6863975579652649,6911.797989949749,0,0.7,13
0.43065386481377954,0.6832349512231454,6981.501507537689,0,0.7,14
0.41030007695891574,0.67691216974163,7120.85594639866,0,0.7,15
0.4106342263003662,0.6488497767117499,7739.351088777219,0,0.7,16
0.43576161595797097,0.6985786844081265,6643.325963149079,0,0.7,17
0.4173567088121292,0.6836293612648846,6972.80904522613,0,0.7,18
0.43150212906333185,0.6830793182488364,6984.931993299832,0,0.7,19
0.4167037130880742,0.6740965641881518,7182.911557788945,0,0.7,20
0.41926298019609054,0.6866993543032768,6905.1463986599665,0,0.7,21
0.43086045002566004,0.6972257840928782,6673.143718592964,0,0.7,22
0.4267271337834241,0.6937072537521242,6750.692127303182,0,0.7,23
0.4168182157031988,0.6917294351369673,6794.283082077052,0,0.7,24
0.4208189713834602,0.6767914892064679,7123.515577889447,0,0.7,25
0.4228949866250823,0.6882525148428167,6870.914572864322,0,0.7,26
0.43442543298489816,0.6935058611265643,6755.130653266332,0,0.7,27
0.38950051576933475,0.6497362873046417,7719.812395309883,0,0.7,28
0.4094865532902796,0.6737379653865212,7190.815075376884,0,0.7,29
0.43808571306989036,0.6946877840503181,6729.081407035176,0,0.7,30
0.4269433430565016,0.6683254977245574,7310.106197654942,0,0.7,31
0.44111495214730245,0.6919954886349473,6788.419430485762,0,0.7,32
0.4342735731848192,0.7010791632086629,6588.21541038526,0,0.7,33
0.39640610222775746,0.6404842953424108,7923.725963149079,0,0.7,34
0.41715723306451735,0.67575719644806,7146.311557788945,0,0.7,35
0.40723193892295184,0.664514306256023,7394.1045226130655,0,0.7,36
0.4375616080719374,0.6826275129428145,6994.889782244556,0,0.7,37
0.42551197162173166,0.6851094781226155,6940.1869346733665,0,0.7,38
0.4327901011388747,0.6885672843953585,6863.976884422111,0,0.7,39
0.44184359122467937,0.6940539129403825,6743.051926298157,0,0.7,40
0.4445237397370669,0.6865992165911224,6907.353433835846,0,0.7,41
0.423014297994721,0.6864678504439925,6910.248576214405,0,0.7,42
0.44500888120603577,0.6964326244045393,6690.624790619766,0,0.7,43
0.4499226242857253,0.6877068798317054,6882.940368509213,0,0.7,44
0.4142525860303042,0.6705877314582591,7260.2465661641545,0,0.7,45
0.40453057408028636,0.6797543905249173,7058.213400335008,0,0.7,46
0.40885173316672085,0.6696925416556466,7279.9765494137355,0,0.7,47
0.4493803746209253,0.6922293408968618,6783.265326633165,0,0.7,48
0.40644335263742704,0.673687790130325,7191.921273031826,0,0.7,49
0.4349457423289573,0.6899039662924422,6834.516582914573,0,0.7,50
0.42107030511686155,0.6800414276463989,7051.88676716918,0,0.7,51
0.43192381462061247,0.6825623200697986,6996.326633165829,0,0.7,52
0.42565397239515046,0.6855796754492365,6929.824120603015,0,0.7,53
0.4196358116079972,0.6804697109260763,7042.44757118928,0,0.7,54
0.43412545493414617,0.6876881914107744,6883.35242881072,0,0.7,55
0.4340033379259719,0.6826035121159335,6995.418425460636,0,0.7,56
0.4322375179700208,0.6740111780925194,7184.793634840871,0,0.7,57
0.41632028477783944,0.6777510510811772,7102.366834170854,0,0.7,58
0.40440688455768553,0.6507546048451575,7697.368509212731,0,0.7,59
0.4076310764263797,0.6642840715981602,7399.179229480737,0,0.7,60
0.42996048628692274,0.6894996382395948,6843.4278056951425,0,0.7,61
0.4194945003647869,0.6890134200950306,6854.14405360134,0,0.7,62
0.41326865960562575,0.6805661778341192,7040.3212730318255,0,0.7,63
0.4317488095319141,0.661788046402612,7454.19162479062,0,0.7,64
0.4228968849873434,0.6851869678094039,6938.479396984924,0,0.7,65
0.4234868512559007,0.6845976935494168,6951.4670016750415,0,0.7,66
0.41700218361099656,0.6753690488133347,7154.865996649916,0,0.7,67
0.42942021557591636,0.67882163388023,7078.771189279732,0,0.7,68
0.414291142395702,0.6715727305614583,7238.537018425461,0,0.7,69
0.4250268347912751,0.6807765308697146,7035.6850921273035,0,0.7,70
0.4319384552048811,0.685331307171064,6935.297822445561,0,0.7,71
0.41474474362650116,0.6696830796450491,7280.184924623116,0,0.7,72
0.43667371119401716,0.7007470504366965,6595.535008375209,0,0.7,73
0.4147648373276711,0.6656093838825099,7369.969179229481,0,0.7,74
0.4252659919710475,0.6854558941106014,6932.552093802345,0,0.7,75
0.431340968854992,0.6920984459502595,6786.150418760469,0,0.7,76
0.4142361934023434,0.6803615172048992,7044.8321608040205,0,0.7,77
0.4292367859338729,0.6909640990797911,6811.151088777219,0,0.7,78
0.4064150664291999,0.6659537174681636,7362.379899497488,0,0.7,79
0.4168404004872244,0.6694648454006269,7284.994639865997,0,0.7,80
0.4382156902192639,0.7103602860035204,6383.659296482412,0,0.7,81
0.42965469984835297,0.6848787950642505,6945.271356783919,0,0.7,82
0.4169617249816465,0.6624971423967995,7438.562814070352,0,0.7,83
0.41813195948539306,0.689148533046357,6851.166499162479,0,0.7,84
0.409357891346403,0.655940706253591,7583.067001675042,0,0.7,85
0.4427592915222483,0.6944145485442944,6735.10351758794,0,0.7,86
0.42504918554500504,0.6756029466753003,7149.710887772194,0,0.7,87
0.3966645404904898,0.6592030327073967,7511.165159128978,0,0.7,88
0.4196545117894651,0.6842984812142989,6958.061306532663,0,0.7,89
0.4055975979983354,0.6713170434750888,7244.172529313233,0,0.7,90
0.42221430905744534,0.6740997181916843,7182.8422110552765,0,0.7,91
0.43518827176007474,0.705646373123938,6487.554103852596,0,0.7,92
0.4346355298155344,0.6920098298510095,6788.10351758794,0,0.7,93
0.416325247253775,0.669747200916865,7278.771524288107,0,0.7,94
0.4136111129653079,0.6672198484862303,7334.474706867672,0,0.7,95
0.42549214071427843,0.6876812450029945,6883.505192629816,0,0.7,96
0.42642597398323023,0.6816384630350786,7016.688442211055,0,0.7,97
0.42940082210652586,0.6800961173076514,7050.681407035176,0,0.7,98
0.41305917067668296,0.6846944492577831,6949.334338358459,0,0.7,99
0.42439451034073616,0.6750516496578476,7161.861641541039,0,0.8,0
0.4160605126762055,0.6571577260166531,7556.243551088777,0,0.8,1
0.428340641001019,0.6804195736699225,7043.55242881072,0,0.8,2
0.42246729022585916,0.6723311202108546,7221.822110552764,0,0.8,3
0.44025234646953987,0.6910398483646303,6809.481742043551,0,0.8,4
0.4272224855367597,0.6764696896460524,7130.608040201005,0,0.8,5
0.4192962017847443,0.6676321337479898,7325.387604690117,0,0.8,6
0.4280677158225235,0.6730305793942489,7206.406030150753,0,0.8,7
0.414998807814951,0.6651675041876046,7379.708207705193,0,0.8,8
0.41892072405906666,0.6739837876618422,7185.3973199329985,0,0.8,9
0.4132839952655193,0.6799037914922464,7054.920603015075,0,0.8,10
0.43139827311544754,0.6752500934801048,7157.487772194305,0,0.8,11
0.41053189070508933,0.6705478922136393,7261.124288107203,0,0.8,12
0.4360535163684466,0.6910903200211584,6808.369514237856,0,0.8,13
0.44011154093844723,0.6833436161448501,6979.106867671691,0,0.8,14
0.42989149080366773,0.6774201391105559,7109.660301507538,0,0.8,15
0.4267635287950041,0.6857974536931482,6925.024120603015,0,0.8,16
0.4152124013082515,0.6831176146917284,6984.087772194305,0,0.8,17
0.4278918185609803,0.6803850088312099,7044.314572864321,0,0.8,18
0.4285155541731459,0.6717590599701472,7234.430485762144,0,0.8,19
0.4216602280774676,0.6785689715972482,7084.339698492462,0,0.8,20
0.41544637041187954,0.6700483512541533,7272.134338358459,0,0.8,21
0.4202211598721683,0.6797951417705588,7057.3149078726965,0,0.8,22
0.42913495531878565,0.6791957518992421,7070.525628140704,0,0.8,23
0.4353671970397032,0.6953268535660759,6714.995979899498,0,0.8,24
0.42175694649605133,0.6805210337835578,7041.3162479061975,0,0.8,25
0.41759664807877345,0.6710365803609701,7250.353768844221,0,0.8,26
0.43906909641640346,0.6826415577585446,6994.580234505863,0,0.8,27
0.44565900430351657,0.7043770349022791,6515.530318257956,0,0.8,28
0.43000215753764054,0.6868169416349746,6902.554773869347,0,0.8,29
0.4311648070308428,0.6879311788829203,6877.996649916248,0,0.8,30
0.4117474500151467,0.678500822320921,7085.841876046901,0,0.8,31
0.42324426071864935,0.6726490817669716,7214.814070351758,0,0.8,32
0.4147131804287719,0.6781854447676983,7092.792964824121,0,0.8,33
0.4163480310259264,0.6846783144397122,6949.6901172529315,0,0.8,34
0.42234127748852235,0.6651339121499816,7380.448576214405,0,0.8,35
0.43199325547407763,0.6841653746652196,6960.994974874372,0,0.8,36
0.42469597437291906,0.6791003489923908,7072.628140703518,0,0.8,37
0.4091991050917701,0.6698027797791134,7277.546733668341,0,0.8,38
0.4320226911253586,0.6838176894758122,6968.658291457286,0,0.8,39
0.4310220876256902,0.6762759654290813,7134.8777219430485,0,0.8,40
0.4230498073417378,0.6778677644118962,7099.794304857622,0,0.8,41
0.42093339386133927,0.676887424113915,7121.401005025125,0,0.8,42
0.4221481175804494,0.6748656318495077,7165.961474036851,0,0.8,43
0.4218084212545508,0.6802652022970266,7046.954773869346,0,0.8,44
0.4216770176481027,0.6810024639227594,7030.705862646566,0,0.8,45
0.4205290375607451,0.694129236624745,6741.39162479062,0,0.8,46
0.4143934980891418,0.6661432388804275,7358.203015075377,0,0.8,47
0.40842426362839507,0.6739448072181842,7186.256281407035,0,0.8,48
0.4208086420442151,0.6770252274682548,7118.364154103852,0,0.8,49
0.4424046906563139,0.6931033190757174,6764.003015075377,0,0.8,50
0.4179933480457951,0.680293291928487,7046.33567839196,0,0.8,51
0.4390967463560711,0.6817959276114389,7013.217755443886,0,0.8,52
0.4082008795639317,0.6607127059982307,7477.891792294808,0,0.8,53
0.43107128370014447,0.6862764138295835,6914.467671691792,0,0.8,54
0.41033968658283476,0.6746076647605845,7171.646901172529,0,0.8,55
0.42286800120213053,0.6727342170623231,7212.937688442211,0,0.8,56
0.43472169145840595,0.6849901199889344,6942.817755443886,0,0.8,57
0.4240595873481045,0.6763842427503518,7132.491457286432,0,0.8,58
0.4165881801864853,0.6722047700693425,7224.606700167505,0,0.8,59
0.4326030431650036,0.6918299832495813,6792.067001675042,0,0.8,60
0.43215895362053813,0.691330244689874,6803.081407035176,0,0.8,61
0.4221367179294007,0.6887777590310901,6859.338023450587,0,0.8,62
0.43876054598093606,0.6898405746214437,6835.913902847571,0,0.8,63
0.43556424892138124,0.6913720067366477,6802.161139028476,0,0.8,64
0.4146523282234999,0.6722314764992537,7224.0184254606365,0,0.8,65
0.4493619821240629,0.6964101891794119,6691.119262981574,0,0.8,66
0.42380439956008537,0.6850235068263276,6942.0817420435515,0,0.8,67
0.4158801917911599,0.6746206379751144,7171.361139028476,0,0.8,68
0.4156312766392161,0.6861795137210555,6916.603685092127,0,0.8,69
0.4111778342585082,0.6657213396079003,7367.501507537689,0,0.8,70
0.42774141669041515,0.6909555566702235,6811.339698492462,0,0.8,71
0.4164486390210255,0.6669016817298835,7341.486767169179,0,0.8,72
0.43655389069793415,0.6988272426865119,6637.84757118928,0,0.8,73
0.43580902703483854,0.6875164844184626,6887.136683417086,0,0.8,74
0.4291883632601114,0.6804160472659728,7043.630150753769,0,0.8,75
0.44239597661340274,0.6827600646912724,6991.968174204355,0,0.8,76
0.4304042152751611,0.6861303872660337,6917.686432160804,0,0.8,77
0.4242758258356883,0.6742170699231184,7180.25594639866,0,0.8,78
0.4377990544402365,0.6943703772948226,6736.077051926298,0,0.8,79
0.4279946042572178,0.6912175745636835,6805.564824120603,0,0.8,80
0.4163279555994699,0.6705257989888949,7261.611390284757,0,0.8,81
0.41100064509092415,0.6619928514319936,7449.677721943049,0,0.8,82
0.4130155594530578,0.6798395334202774,7056.336683417086,0,0.8,83
0.4240254669621663,0.6747713613439248,7168.0391959799,0,0.8,84
0.41628416873005164,0.6729640109196923,7207.873031825796,0,0.8,85
0.419175056813574,0.6770276898710127,7118.309547738693,0,0.8,86
0.42188651065681065,0.6768391640598638,7122.464656616416,0,0.8,87
0.4132594466405502,0.6662035069479278,7356.874706867672,0,0.8,88
0.42535421808326834,0.6842835395975643,6958.390619765494,0,0.8,89
0.4320657812834117,0.6809442934576087,7031.9879396984925,0,0.8,90
0.43302525798998015,0.6871968432604645,6894.181574539363,0,0.8,91
0.42008197729494595,0.6806004994725594,7039.564824120603,0,0.8,92
0.43104379228741857,0.6933724657771617,6758.070686767169,0,0.8,93
0.419371237975503,0.671108408041417,7248.770854271357,0,0.8,94
0.42648290236766395,0.6801815186033009,7048.79932998325,0,0.8,95
0.43995788357575927,0.694593779545033,6731.153098827471,0,0.8,96
0.42650451614368845,0.6828855256317887,6989.203015075377,0,0.8,97
0.42065218121968134,0.688041994607034,6875.5544388609715,0,0.8,98
0.433000057990218,0.6880868574572803,6874.565494137353,0,0.8,99
0.4218866825127056,0.6759798234974023,7141.404690117253,0,0.9,0
0.42368013584938985,0.6788160250739481,7078.894807370184,0,0.9,1
0.4262220697374751,0.6854910365499609,6931.7775544388605,0,0.9,2
0.4266091684701099,0.6734329618449173,7197.537353433836,0,0.9,3
0.42331920330537887,0.675037954442509,7162.163484087102,0,0.9,4
0.43472838547881854,0.6858567261595333,6923.7179229480735,0,0.9,5
0.4295641914933437,0.680056658063457,7051.55108877722,0,0.9,6
0.4251731859578764,0.6826616369810334,6994.137353433835,0,0.9,7
0.4181734921139764,0.6776141901278929,7105.383249581239,0,0.9,8
0.42836707848356376,0.6870650287128321,6897.086767169179,0,0.9,9
0.4243764431365817,0.6793936789209203,7066.163484087102,0,0.9,10
0.42387246314215193,0.6795876159381298,7061.8891122278055,0,0.9,11
0.4267279094041243,0.684196610700204,6960.306867671692,0,0.9,12
0.4276444984169348,0.6862411725901134,6915.244556113903,0,0.9,13
0.4190425917374947,0.673778899032367,7189.912897822445,0,0.9,14
0.41777434205879144,0.6758551681577885,7144.152093802345,0,0.9,15
0.43198093636653084,0.682249100918993,7003.229815745393,0,0.9,16
0.42037895481734355,0.6789829440608973,7075.215745393635,0,0.9,17
0.4213282892274449,0.6733466105482038,7199.440536013401,0,0.9,18
0.42317645328484577,0.6817319963398359,7014.626800670017,0,0.9,19
0.4213407777262455,0.6788028390591797,7079.185594639866,0,0.9,20
0.43108446161087594,0.6760639403916132,7139.5507537688445,0,0.9,21
0.42286854838234955,0.6692374987459986,7290.005360134003,0,0.9,22
0.43068298059595783,0.6890880065785674,6852.500502512563,0,0.9,23
0.42646865061821243,0.6843394148601446,6957.1591289782245,0,0.9,24
0.4309089992897919,0.6878684788126963,6879.378559463987,0,0.9,25
0.42777107229849975,0.685823916922787,6924.440871021776,0,0.9,26
0.43336929196908797,0.6911673689074532,6806.671021775544,0,0.9,27
0.4288053311900022,0.6820346666788267,7007.955778894472,0,0.9,28
0.4368199390252929,0.694207060711908,6739.676381909548,0,0.9,29
0.42508571927511357,0.6796735568343837,7059.994974874372,0,0.9,30
0.4218959476481488,0.6818576396805563,7011.857621440536,0,0.9,31
0.4256449998306706,0.6767642279759354,7124.116582914573,0,0.9,32
0.4279800140053392,0.6901060201187424,6830.063316582915,0,0.9,33
0.42462629955967535,0.6850354388396915,6941.818760469012,0,0.9,34
0.41738166574328633,0.6761794681210043,7137.0043551088775,0,0.9,35
0.4262970598950525,0.6899118323012522,6834.34338358459,0,0.9,36
0.4270081174585693,0.6874624179579081,6888.328308207705,0,0.9,37
0.41350156620537587,0.6702857983200942,7266.901172529313,0,0.9,38
0.42879647979688135,0.6844985818384117,6953.651256281407,0,0.9,39
0.43098621377098223,0.6830471702128307,6985.640201005025,0,0.9,40
0.41976424322295647,0.6765054248860759,7129.820435510887,0,0.9,41
0.4293944500146697,0.6861371740736351,6917.536683417085,0,0.9,42
0.4367690017820303,0.6849604571557121,6943.47135678392,0,0.9,43
0.42041308918904263,0.6681293415048625,7314.429480737019,0,0.9,44
0.4272947847357987,0.6877868927213199,6881.176884422111,0,0.9,45
0.4300368349793897,0.6819287757602289,7010.289782244556,0,0.9,46
0.43188906827338186,0.6862962346517828,6914.031155778895,0,0.9,47
0.4216567157207714,0.6851216305362262,6939.919262981574,0,0.9,48
0.4242401418109809,0.6851573353762156,6939.132328308207,0,0.9,49
0.42875680456716314,0.6929548757094608,6767.2743718592965,0,0.9,50
0.42355634728129093,0.6826814350032073,6993.701172529313,0,0.9,51
0.4308754623625559,0.6881770391582839,6872.577889447236,0,0.9,52
0.4169217143068606,0.6767541199646143,7124.339363484087,0,0.9,53
0.4250815033746293,0.6863999899679888,6911.74405360134,0,0.9,54
0.41976924448892106,0.6748995354874797,7165.214070351759,0,0.9,55
0.4289356878071924,0.6797778745512194,7057.69581239531,0,0.9,56
0.4326954795524997,0.693021109783643,6765.814740368509,0,0.9,57
0.42607157249249317,0.6857908872857937,6925.168844221105,0,0.9,58
0.41823439977621885,0.6739721064487593,7185.654606365159,0,0.9,59
0.43175001324810813,0.6880735118423333,6874.8599664991625,0,0.9,60
0.4161366096664895,0.6760614703888469,7139.605025125628,0,0.9,61
0.4243963080834667,0.6767271551344138,7124.933668341709,0,0.9,62
0.4272832034526306,0.6832392072279121,6981.408040201005,0,0.9,63
0.42253730308783854,0.6847047928693679,6949.106197654942,0,0.9,64
0.42045533804422064,0.6787420693911177,7080.524623115578,0,0.9,65
0.42046468028860406,0.6752647766965499,7157.1641541038525,0,0.9,66
0.4163167646496785,0.6743913837183497,7176.414070351759,0,0.9,67
0.4201728763696133,0.6704582273132146,7263.100502512563,0,0.9,68
0.4239696453540963,0.6859945827139325,6920.679396984925,0,0.9,69
0.4278686293325846,0.674353877676343,7177.240536013401,0,0.9,70
0.42699358640335583,0.6782275108148121,7091.865661641541,0,0.9,71
0.42115261314551106,0.6747118456772672,7169.351088777219,0,0.9,72
0.43932120119093676,0.6948411978221415,6725.699832495812,0,0.9,73
0.4219106358207651,0.676803900020368,7123.242211055276,0,0.9,74
0.42616130597116453,0.677256108126841,7113.275376884422,0,0.9,75
0.4131105522514517,0.6796769008381288,7059.920938023451,0,0.9,76
0.4387749512011784,0.6865280957114671,6908.920603015075,0,0.9,77
0.4175850420949139,0.6806349123111018,7038.8067001675045,0,0.9,78
0.43448661496270513,0.6875588012658573,6886.204020100503,0,0.9,79
0.42852550922225346,0.6818661592900984,7011.670016750419,0,0.9,80
0.4315098457387179,0.6858451893466121,6923.971859296483,0,0.9,81
0.4339937564128003,0.6875866400970367,6885.590284757119,0,0.9,82
0.4168045767742226,0.673342308943386,7199.535343383584,0,0.9,83
0.425057201572381,0.6842056395103162,6960.107872696817,0,0.9,84
0.4254495702970683,0.6826650493848554,6994.062311557789,0,0.9,85
0.4241098233460105,0.679537744682274,7062.988274706868,0,0.9,86
0.41581979412596937,0.678821618680213,7078.771524288107,0,0.9,87
0.4208895264323348,0.6813743627392863,7022.5088777219435,0,0.9,88
0.42581579708819156,0.6838633047269014,6967.652931323283,0,0.9,89
0.42703945802800886,0.6846983936622009,6949.247236180904,0,0.9,90
0.43670747805843796,0.6896268927821199,6840.62311557789,0,0.9,91
0.4233030599216991,0.6767355911438621,7124.747738693467,0,0.9,92
0.4307456434621852,0.6802922127272782,7046.359798994975,0,0.9,93
0.4239130708069497,0.6778141767518779,7100.97554438861,0,0.9,94
0.4215236239263922,0.6851727405934694,6938.792629815745,0,0.9,95
0.42177875380765567,0.6809342158463217,7032.209715242881,0,0.9,96
0.42159391571411786,0.6775335540375805,7107.160469011726,0,0.9,97
0.4306700979408587,0.6818638032874598,7011.721943048577,0,0.9,98
0.4222828477245513,0.6846536068120396,6950.234505862647,0,0.9,99
0.42668875696161035,0.6836558168945149,6972.225795644891,0,1.0,0
0.42668875696161035,0.6836558168945149,6972.225795644891,0,1.0,1
0.42668875696161035,0.6836558168945149,6972.225795644891,0,1.0,2
0.42668875696161035,0.6836558168945149,6972.225795644891,0,1.0,3
0.42668875696161035,0.6836558168945149,6972.225795644891,0,1.0,4
0.42668875696161035,0.6836558168945149,6972.225795644891,0,1.0,5
0.42668875696161035,0.6836558168945149,6972.225795644891,0,1.0,6
0.42668875696161035,0.6836558168945149,6972.225795644891,0,1.0,7
0.42668875696161035,0.6836558168945149,6972.225795644891,0,1.0,8
0.42668875696161035,0.6836558168945149,6972.225795644891,0,1.0,9
0.42668875696161035,0.6836558168945149,6972.225795644891,0,1.0,10
0.42668875696161035,0.6836558168945149,6972.225795644891,0,1.0,11
0.42668875696161035,0.6836558168945149,6972.225795644891,0,1.0,12
0.42668875696161035,0.6836558168945149,6972.225795644891,0,1.0,13
0.42668875696161035,0.6836558168945149,6972.225795644891,0,1.0,14
0.42668875696161035,0.6836558168945149,6972.225795644891,0,1.0,15
0.42668875696161035,0.6836558168945149,6972.225795644891,0,1.0,16
0.42668875696161035,0.6836558168945149,6972.225795644891,0,1.0,17
0.42668875696161035,0.6836558168945149,6972.225795644891,0,1.0,18
0.42668875696161035,0.6836558168945149,6972.225795644891,0,1.0,19
0.42668875696161035,0.6836558168945149,6972.225795644891,0,1.0,20
0.42668875696161035,0.6836558168945149,6972.225795644891,0,1.0,21
0.42668875696161035,0.6836558168945149,6972.225795644891,0,1.0,22
0.42668875696161035,0.6836558168945149,6972.225795644891,0,1.0,23
0.42668875696161035,0.6836558168945149,6972.225795644891,0,1.0,24
0.42668875696161035,0.6836558168945149,6972.225795644891,0,1.0,25
0.42668875696161035,0.6836558168945149,6972.225795644891,0,1.0,26
0.42668875696161035,0.6836558168945149,6972.225795644891,0,1.0,27
0.42668875696161035,0.6836558168945149,6972.225795644891,0,1.0,28
0.42668875696161035,0.6836558168945149,6972.225795644891,0,1.0,29
0.42668875696161035,0.6836558168945149,6972.225795644891,0,1.0,30
0.42668875696161035,0.6836558168945149,6972.225795644891,0,1.0,31
0.42668875696161035,0.6836558168945149,6972.225795644891,0,1.0,32
0.42668875696161035,0.6836558168945149,6972.225795644891,0,1.0,33
0.42668875696161035,0.6836558168945149,6972.225795644891,0,1.0,34
0.42668875696161035,0.6836558168945149,6972.225795644891,0,1.0,35
0.42668875696161035,0.6836558168945149,6972.225795644891,0,1.0,36
0.42668875696161035,0.6836558168945149,6972.225795644891,0,1.0,37
0.42668875696161035,0.6836558168945149,6972.225795644891,0,1.0,38
0.42668875696161035,0.6836558168945149,6972.225795644891,0,1.0,39
0.42668875696161035,0.6836558168945149,6972.225795644891,0,1.0,40
0.42668875696161035,0.6836558168945149,6972.225795644891,0,1.0,41
0.42668875696161035,0.6836558168945149,6972.225795644891,0,1.0,42
0.42668875696161035,0.6836558168945149,6972.225795644891,0,1.0,43
0.42668875696161035,0.6836558168945149,6972.225795644891,0,1.0,44
0.42668875696161035,0.6836558168945149,6972.225795644891,0,1.0,45
0.42668875696161035,0.6836558168945149,6972.225795644891,0,1.0,46
0.42668875696161035,0.6836558168945149,6972.225795644891,0,1.0,47
0.42668875696161035,0.6836558168945149,6972.225795644891,0,1.0,48
0.42668875696161035,0.6836558168945149,6972.225795644891,0,1.0,49
0.42668875696161035,0.6836558168945149,6972.225795644891,0,1.0,50
0.42668875696161035,0.6836558168945149,6972.225795644891,0,1.0,51
0.42668875696161035,0.6836558168945149,6972.225795644891,0,1.0,52
0.42668875696161035,0.6836558168945149,6972.225795644891,0,1.0,53
0.42668875696161035,0.6836558168945149,6972.225795644891,0,1.0,54
0.42668875696161035,0.6836558168945149,6972.225795644891,0,1.0,55
0.42668875696161035,0.6836558168945149,6972.225795644891,0,1.0,56
0.42668875696161035,0.6836558168945149,6972.225795644891,0,1.0,57
0.42668875696161035,0.6836558168945149,6972.225795644891,0,1.0,58
0.42668875696161035,0.6836558168945149,6972.225795644891,0,1.0,59
0.42668875696161035,0.6836558168945149,6972.225795644891,0,1.0,60
0.42668875696161035,0.6836558168945149,6972.225795644891,0,1.0,61
0.42668875696161035,0.6836558168945149,6972.225795644891,0,1.0,62
0.42668875696161035,0.6836558168945149,6972.225795644891,0,1.0,63
0.42668875696161035,0.6836558168945149,6972.225795644891,0,1.0,64
0.42668875696161035,0.6836558168945149,6972.225795644891,0,1.0,65
0.42668875696161035,0.6836558168945149,6972.225795644891,0,1.0,66
0.42668875696161035,0.6836558168945149,6972.225795644891,0,1.0,67
0.42668875696161035,0.6836558168945149,6972.225795644891,0,1.0,68
0.42668875696161035,0.6836558168945149,6972.225795644891,0,1.0,69
0.42668875696161035,0.6836558168945149,6972.225795644891,0,1.0,70
0.42668875696161035,0.6836558168945149,6972.225795644891,0,1.0,71
0.42668875696161035,0.6836558168945149,6972.225795644891,0,1.0,72
0.42668875696161035,0.6836558168945149,6972.225795644891,0,1.0,73
0.42668875696161035,0.6836558168945149,6972.225795644891,0,1.0,74
0.42668875696161035,0.6836558168945149,6972.225795644891,0,1.0,75
0.42668875696161035,0.6836558168945149,6972.225795644891,0,1.0,76
0.42668875696161035,0.6836558168945149,6972.225795644891,0,1.0,77
0.42668875696161035,0.6836558168945149,6972.225795644891,0,1.0,78
0.42668875696161035,0.6836558168945149,6972.225795644891,0,1.0,79
0.42668875696161035,0.6836558168945149,6972.225795644891,0,1.0,80
0.42668875696161035,0.6836558168945149,6972.225795644891,0,1.0,81
0.42668875696161035,0.6836558168945149,6972.225795644891,0,1.0,82
0.42668875696161035,0.6836558168945149,6972.225795644891,0,1.0,83
0.42668875696161035,0.6836558168945149,6972.225795644891,0,1.0,84
0.42668875696161035,0.6836558168945149,6972.225795644891,0,1.0,85
0.42668875696161035,0.6836558168945149,6972.225795644891,0,1.0,86
0.42668875696161035,0.6836558168945149,6972.225795644891,0,1.0,87
0.42668875696161035,0.6836558168945149,6972.225795644891,0,1.0,88
0.42668875696161035,0.6836558168945149,6972.225795644891,0,1.0,89
0.42668875696161035,0.6836558168945149,6972.225795644891,0,1.0,90
0.42668875696161035,0.6836558168945149,6972.225795644891,0,1.0,91
0.42668875696161035,0.6836558168945149,6972.225795644891,0,1.0,92
0.42668875696161035,0.6836558168945149,6972.225795644891,0,1.0,93
0.42668875696161035,0.6836558168945149,6972.225795644891,0,1.0,94
0.42668875696161035,0.6836558168945149,6972.225795644891,0,1.0,95
0.42668875696161035,0.6836558168945149,6972.225795644891,0,1.0,96
0.42668875696161035,0.6836558168945149,6972.225795644891,0,1.0,97
0.42668875696161035,0.6836558168945149,6972.225795644891,0,1.0,98
0.42668875696161035,0.6836558168945149,6972.225795644891,0,1.0,99
