precision,recall,thresholds
0.26510305614783225,1.0,0.007923830976262638
0.26458036984352773,0.9973190348525469,0.010959787025612332
0.26476868327402137,0.9973190348525469,0.012207315393329175
0.26495726495726496,0.9973190348525469,0.013224918508570707
0.26514611546685674,0.9973190348525469,0.013419438891992866
0.2653352353780314,0.9973190348525469,0.013987756684546557
0.26552462526766596,0.9973190348525469,0.014244728833016033
0.26571428571428574,0.9973190348525469,0.014416598121087516
0.26590421729807007,0.9973190348525469,0.014598239739462405
0.265379113018598,0.9946380697050938,0.014690405629578148
0.2655690765926986,0.9946380697050938,0.014947763897426823
0.26575931232091693,0.9946380697050938,0.015764967028211622
0.26594982078853047,0.9946380697050938,0.015846134067332318
0.2661406025824964,0.9946380697050938,0.017923807004200883
0.2656137832017229,0.9919571045576407,0.01815558514745838
0.26580459770114945,0.9919571045576407,0.01823493176457448
0.2652767792954709,0.9892761394101877,0.018651471834629518
0.2654676258992806,0.9892761394101877,0.01968640900640467
0.265658747300216,0.9892761394101877,0.01976620147271405
0.265850144092219,0.9892761394101877,0.019814299722115417
0.26604181687094447,0.9892761394101877,0.019957188111150416
0.2662337662337662,0.9892761394101877,0.020076655010339138
0.2657039711191336,0.9865951742627346,0.02024413855437928
0.2658959537572254,0.9865951742627346,0.02031520348373877
0.2660882140274765,0.9865951742627346,0.02084601680180047
0.2662807525325615,0.9865951742627346,0.02139339024325688
0.2664735698769008,0.9865951742627346,0.022199672942401327
0.26666666666666666,0.9865951742627346,0.022409806518446266
0.2661348803480783,0.9839142091152815,0.022827974256720965
0.2663280116110305,0.9839142091152815,0.022972712142553427
0.2665214233841685,0.9839142091152815,0.0233793034920154
0.26671511627906974,0.9839142091152815,0.02495323716007885
0.26690909090909093,0.9839142091152815,0.025120107497459937
0.26710334788937407,0.9839142091152815,0.025349033849832257
0.2672978878368536,0.9839142091152815,0.025930917567073473
0.26676384839650147,0.9812332439678284,0.026407052429243908
0.26695842450765866,0.9812332439678284,0.027107736357299395
0.2671532846715328,0.9812332439678284,0.027241777399168898
0.2673484295105917,0.9812332439678284,0.027446255105705964
0.2675438596491228,0.9812332439678284,0.027518517466362646
0.2670080468178493,0.9785522788203753,0.02754393757809797
0.2664714494875549,0.9758713136729222,0.028156077501404895
0.26666666666666666,0.9758713136729222,0.028493298443910364
0.2668621700879765,0.9758713136729222,0.02858102181193142
0.2663242846661775,0.9731903485254692,0.02865717073381652
0.2665198237885463,0.9731903485254692,0.029287236724520712
0.26671565025716387,0.9731903485254692,0.029328272962876736
0.26691176470588235,0.9731903485254692,0.029576681367977885
0.2671081677704194,0.9731903485254692,0.029689585711583994
0.2665684830633284,0.9705093833780161,0.029752754376246932
0.2660280029476787,0.967828418230563,0.02986531342741778
0.26548672566371684,0.9651474530831099,0.030471547970907193
0.2656826568265683,0.9651474530831099,0.030486505791854412
0.2658788774002954,0.9651474530831099,0.030539451030380534
0.2660753880266075,0.9651474530831099,0.031138685215765467
0.26627218934911245,0.9651474530831099,0.03130430094853062
0.2664692820133235,0.9651474530831099,0.03164917519530691
0.26666666666666666,0.9651474530831099,0.03176767029772992
0.26612305411415865,0.9624664879356568,0.032010250337921944
0.2663204747774481,0.9624664879356568,0.032237201044298655
0.26651818856718634,0.9624664879356568,0.03250234377135585
0.26671619613670133,0.9624664879356568,0.032804009900741976
0.26691449814126395,0.9624664879356568,0.03348188938708558
0.26711309523809523,0.9624664879356568,0.03480151185227299
0.2673119880863738,0.9624664879356568,0.035088020892580625
0.26751117734724295,0.9624664879356568,0.03554981566260656
0.2677106636838181,0.9624664879356568,0.03613949265763343
0.26791044776119405,0.9624664879356568,0.036160267877748585
0.2681105302464526,0.9624664879356568,0.03661263346087069
0.26831091180866967,0.9624664879356568,0.03686258958171083
0.268511593118923,0.9624664879356568,0.03686803043843451
0.2687125748502994,0.9624664879356568,0.03700482448713816
0.2689138576779026,0.9624664879356568,0.03739819056017412
0.2691154422788606,0.9624664879356568,0.03740340682053524
0.2693173293323331,0.9624664879356568,0.03746919557357632
0.2695195195195195,0.9624664879356568,0.03764026173647604
0.2697220135236664,0.9624664879356568,0.037708323994234544
0.2699248120300752,0.9624664879356568,0.03796803030214311
0.2693754702784048,0.9597855227882037,0.038173558630856856
0.26957831325301207,0.9597855227882037,0.038250557572470444
0.26978146194423513,0.9597855227882037,0.03837132857618309
0.26998491704374056,0.9597855227882037,0.03864268733044559
0.270188679245283,0.9597855227882037,0.038660865775991586
0.270392749244713,0.9597855227882037,0.03871256220442982
0.2705971277399849,0.9597855227882037,0.039161630084857076
0.2708018154311649,0.9597855227882037,0.03948248395579977
0.27100681302043905,0.9597855227882037,0.039546556806147735
0.27121212121212124,0.9597855227882037,0.039710664001241534
0.2714177407126611,0.9597855227882037,0.040213532803594326
0.2716236722306525,0.9597855227882037,0.04026084004831965
0.2718299164768413,0.9597855227882037,0.040465910683072794
0.27203647416413373,0.9597855227882037,0.04057314741301871
0.2722433460076046,0.9597855227882037,0.04151347266794963
0.2724505327245053,0.9597855227882037,0.0415179792217108
0.27265803503427266,0.9597855227882037,0.04194869791154731
0.2728658536585366,0.9597855227882037,0.04276497495292029
0.2730739893211289,0.9597855227882037,0.04288317682029055
0.2732824427480916,0.9597855227882037,0.04363360897284812
0.2734912146676853,0.9597855227882037,0.04373779685679782
0.27293577981651373,0.9571045576407506,0.044259151353127066
0.27314460596786533,0.9571045576407506,0.04440219766464011
0.27335375191424194,0.9571045576407506,0.04442890565679958
0.2735632183908046,0.9571045576407506,0.044548500497993034
0.2737730061349693,0.9571045576407506,0.0446993809203207
0.27398311588641594,0.9571045576407506,0.045042044894953726
0.27419354838709675,0.9571045576407506,0.045664608574372635
0.2736356648731745,0.9544235924932976,0.04591048491727996
0.27384615384615385,0.9544235924932976,0.045918541201110094
0.27405696689761355,0.9544235924932976,0.04620821737937731
0.27426810477657937,0.9544235924932976,0.04626214850222076
0.2744795682343871,0.9544235924932976,0.04640849860325732
0.27469135802469136,0.9544235924932976,0.04648418116706371
0.2749034749034749,0.9544235924932976,0.04685337746388796
0.2751159196290572,0.9544235924932976,0.046918421514705724
0.27532869296210366,0.9544235924932976,0.047075550244298874
0.2755417956656347,0.9544235924932976,0.04725909483119992
0.2749806351665376,0.9517426273458445,0.047667235431360054
0.2751937984496124,0.9517426273458445,0.04782791517808577
0.2754072924747867,0.9517426273458445,0.047882841384341124
0.27562111801242234,0.9517426273458445,0.04802407792001991
0.27583527583527584,0.9517426273458445,0.04847848462934551
0.276049766718507,0.9517426273458445,0.04877537381900618
0.27626459143968873,0.9517426273458445,0.04879275303515027
0.2764797507788162,0.9517426273458445,0.048904631050635174
0.2766952455183164,0.9517426273458445,0.04893971042655354
0.27691107644305774,0.9517426273458445,0.04908466064664196
0.27712724434035907,0.9517426273458445,0.049556408752878825
0.27734375,0.9517426273458445,0.049624095730973525
0.27756059421422985,0.9517426273458445,0.0497130250514877
0.2777777777777778,0.9517426273458445,0.050188754145735925
0.27799530148786217,0.9517426273458445,0.05045840685370635
0.2782131661442006,0.9517426273458445,0.05047622783345463
0.2784313725490196,0.9517426273458445,0.050559357593694586
0.27864992150706436,0.9517426273458445,0.050636622844234716
0.2788688138256088,0.9517426273458445,0.0506995923789184
0.27908805031446543,0.9517426273458445,0.050789213364970345
0.27930763178599527,0.9517426273458445,0.05083618051341794
0.2795275590551181,0.9517426273458445,0.0509986908372301
0.2797478329393223,0.9517426273458445,0.05107681308405732
0.27996845425867506,0.9517426273458445,0.05129268745829279
0.2801894238358327,0.9517426273458445,0.051345622478452396
0.2804107424960506,0.9517426273458445,0.051551879913482555
0.28063241106719367,0.9517426273458445,0.051574368202578054
0.28085443037974683,0.9517426273458445,0.0521590898268973
0.281076801266825,0.9517426273458445,0.05216003531824009
0.28129952456418383,0.9517426273458445,0.0522008222534333
0.28072957969865187,0.9490616621983914,0.05235118245854327
0.28095238095238095,0.9490616621983914,0.05254960693259784
0.2811755361397935,0.9490616621983914,0.05269299558954082
0.28139904610492844,0.9490616621983914,0.052713271029146726
0.28162291169451076,0.9490616621983914,0.05281664636681446
0.2818471337579618,0.9490616621983914,0.05287203110936804
0.28207171314741036,0.9490616621983914,0.05298703100588321
0.2822966507177033,0.9490616621983914,0.053216027721564786
0.2817238627294493,0.9463806970509383,0.053772637660302706
0.2819488817891374,0.9463806970509383,0.053969013619473066
0.2821742605915268,0.9463806970509383,0.054229371622021426
0.2824,0.9463806970509383,0.054700395632552114
0.28262610088070456,0.9463806970509383,0.054983466470781804
0.2828525641025641,0.9463806970509383,0.05499601898101495
0.2830793905372895,0.9463806970509383,0.054999447463691016
0.28330658105939005,0.9463806970509383,0.055434791165351126
0.28353413654618476,0.9463806970509383,0.05550220421486642
0.2837620578778135,0.9463806970509383,0.05566205673454452
0.2839903459372486,0.9463806970509383,0.055731329055435735
0.28421900161030594,0.9463806970509383,0.05585039615035987
0.28444802578565676,0.9463806970509383,0.05595475293717794
0.2846774193548387,0.9463806970509383,0.056071001816296095
0.28490718321226793,0.9463806970509383,0.0562869737419636
0.284329563812601,0.9436997319034852,0.056306889587317374
0.28455941794664513,0.9436997319034852,0.0564478548882925
0.28398058252427183,0.9410187667560321,0.05649367260441081
0.28421052631578947,0.9410187667560321,0.05684872098585906
0.28444084278768234,0.9410187667560321,0.0569488913566555
0.2846715328467153,0.9410187667560321,0.05716498224424723
0.2849025974025974,0.9410187667560321,0.05746632491616389
0.2851340373679935,0.9410187667560321,0.0576368219869295
0.28536585365853656,0.9410187667560321,0.0577031367583498
0.2855980471928397,0.9410187667560321,0.057811983507091304
0.28583061889250816,0.9410187667560321,0.05794054928834916
0.2860635696821516,0.9410187667560321,0.058695123863112625
0.28629690048939643,0.9410187667560321,0.05870986491133847
0.28653061224489795,0.9410187667560321,0.05876423822704033
0.2867647058823529,0.9410187667560321,0.05877518548457735
0.28699918233851185,0.9410187667560321,0.05916046832253781
0.2872340425531915,0.9410187667560321,0.05916334447293959
0.28746928746928746,0.9410187667560321,0.05932055788131148
0.28770491803278686,0.9410187667560321,0.059449509141874156
0.28794093519278097,0.9410187667560321,0.059484448526570574
0.2881773399014778,0.9410187667560321,0.060014064252600474
0.28841413311421527,0.9410187667560321,0.06009193693848111
0.2886513157894737,0.9410187667560321,0.06016058120468569
0.28888888888888886,0.9410187667560321,0.060171627928620824
0.28912685337726524,0.9410187667560321,0.06034466943319954
0.2893652102225886,0.9410187667560321,0.060458129003918865
0.2896039603960396,0.9410187667560321,0.06060676519222641
0.2898431048720066,0.9410187667560321,0.06069179545909707
0.2900826446280992,0.9410187667560321,0.060991400306463446
0.2903225806451613,0.9410187667560321,0.06101439619513779
0.2905629139072848,0.9410187667560321,0.06115062451391608
0.2908036454018227,0.9410187667560321,0.06122723828816805
0.291044776119403,0.9410187667560321,0.06125717727975604
0.29128630705394193,0.9410187667560321,0.06128623290154142
0.2915282392026578,0.9410187667560321,0.061387942232677316
0.29177057356608477,0.9410187667560321,0.061822850642813586
0.29201331114808654,0.9410187667560321,0.061856381532386685
0.2922564529558701,0.9410187667560321,0.06186584719380175
0.2925,0.9410187667560321,0.06191882836066931
0.292743953294412,0.9410187667560321,0.06205050267844471
0.2929883138564274,0.9410187667560321,0.06206377832752919
0.2932330827067669,0.9410187667560321,0.06216013990056484
0.29347826086956524,0.9410187667560321,0.06218254267731587
0.29372384937238494,0.9410187667560321,0.062334228310184286
0.29396984924623115,0.9410187667560321,0.06248762717480435
0.2933780385582565,0.938337801608579,0.06250778211809307
0.2936241610738255,0.938337801608579,0.0627199785051155
0.2938706968933669,0.938337801608579,0.06292677227853524
0.29411764705882354,0.938337801608579,0.06294396803941363
0.2943650126156434,0.938337801608579,0.06302071509637316
0.2946127946127946,0.938337801608579,0.06322316339594258
0.2948609941027801,0.938337801608579,0.06328713511262463
0.2951096121416526,0.938337801608579,0.06360567881205381
0.29535864978902954,0.938337801608579,0.06361094468640965
0.2956081081081081,0.938337801608579,0.06365221301599025
0.2958579881656805,0.938337801608579,0.06376947925585015
0.2961082910321489,0.938337801608579,0.06377537434649827
0.29635901778154106,0.938337801608579,0.06384035753631653
0.2966101694915254,0.938337801608579,0.0639443823455906
0.2968617472434266,0.938337801608579,0.06401074167758362
0.29711375212224106,0.938337801608579,0.06473244818488647
0.2973661852166525,0.938337801608579,0.06505525318527389
0.2976190476190476,0.938337801608579,0.06507367810810963
0.2978723404255319,0.938337801608579,0.06522429902212869
0.2981260647359455,0.938337801608579,0.06525373111826598
0.29838022165387895,0.938337801608579,0.06532810812434214
0.2986348122866894,0.938337801608579,0.06566794580185671
0.29888983774551664,0.938337801608579,0.06584499541792245
0.29914529914529914,0.938337801608579,0.06589830831128889
0.2985457656116339,0.935656836461126,0.06594773055067851
0.2988013698630137,0.935656836461126,0.06600119408647379
0.299057412167952,0.935656836461126,0.06619487061859787
0.2993138936535163,0.935656836461126,0.06623325263669365
0.2995708154506438,0.935656836461126,0.06632770931235998
0.29982817869415807,0.935656836461126,0.06651497362948536
0.3000859845227859,0.935656836461126,0.06657902283008191
0.3003442340791738,0.935656836461126,0.0669076969271657
0.3006029285099053,0.935656836461126,0.0673598009883484
0.30086206896551726,0.935656836461126,0.06742468054897101
0.3011216566005177,0.935656836461126,0.06745623677856163
0.3013816925734024,0.935656836461126,0.0675275472171836
0.3016421780466724,0.935656836461126,0.067720883710078
0.30190311418685123,0.935656836461126,0.06780714500931993
0.3021645021645022,0.935656836461126,0.0678437452272447
0.3024263431542461,0.935656836461126,0.06791819693025875
0.3026886383347788,0.935656836461126,0.0680248224258151
0.3029513888888889,0.935656836461126,0.06838240844722848
0.3032145960034752,0.935656836461126,0.06851036672478783
0.3034782608695652,0.935656836461126,0.0685705230498623
0.30374238468233244,0.935656836461126,0.06871344488077295
0.30313588850174217,0.9329758713136729,0.06892573995216514
0.30340017436791633,0.9329758713136729,0.06895393409683247
0.3036649214659686,0.9329758713136729,0.0690844705941793
0.30393013100436683,0.9329758713136729,0.06910839668314697
0.3041958041958042,0.9329758713136729,0.06926676532037944
0.30446194225721784,0.9329758713136729,0.06990618557854793
0.30385288966725044,0.9302949061662198,0.07010359434884472
0.3041191936897458,0.9302949061662198,0.0701845013263145
0.3043859649122807,0.9302949061662198,0.07036035389267645
0.30465320456540823,0.9302949061662198,0.07044796179499718
0.30492091388400705,0.9302949061662198,0.07048807701287024
0.3051890941072999,0.9302949061662198,0.07050026531620192
0.30545774647887325,0.9302949061662198,0.07067920250331443
0.30572687224669604,0.9302949061662198,0.07068457908368085
0.30599647266313934,0.9302949061662198,0.07077396585322425
0.3062665489849956,0.9302949061662198,0.07088646106771285
0.30653710247349825,0.9302949061662198,0.07089731458775504
0.3068081343943413,0.9302949061662198,0.07113574802043324
0.3070796460176991,0.9302949061662198,0.0711732456396063
0.30646589902568644,0.9276139410187667,0.07133066801962444
0.3067375886524823,0.9276139410187667,0.07149843997003417
0.3070097604259095,0.9276139410187667,0.07160735015047587
0.30728241563055064,0.9276139410187667,0.07161707514582327
0.3075555555555556,0.9276139410187667,0.07173629411783919
0.30782918149466193,0.9276139410187667,0.07178239581028283
0.3081032947462155,0.9276139410187667,0.07178814922768773
0.3083778966131907,0.9276139410187667,0.07179782671805138
0.3086529884032114,0.9276139410187667,0.07192191578633732
0.30892857142857144,0.9276139410187667,0.07196398221654245
0.3092046470062556,0.9276139410187667,0.07205935035382902
0.3085867620751342,0.9249329758713136,0.07227648140825885
0.3088630259623993,0.9249329758713136,0.07247886496245128
0.30913978494623656,0.9249329758713136,0.0725711379597292
0.30852017937219733,0.9222520107238605,0.07261962632895873
0.3087971274685817,0.9222520107238605,0.07267262092084152
0.3090745732255166,0.9222520107238605,0.07292973488416181
0.30935251798561153,0.9222520107238605,0.07295342543687529
0.3096309630963096,0.9222520107238605,0.07297660173373684
0.3099099099099099,0.9222520107238605,0.07302000349575581
0.3101893597835888,0.9222520107238605,0.07321634944040746
0.3104693140794224,0.9222520107238605,0.07328096637054733
0.3107497741644083,0.9222520107238605,0.07331915081713562
0.31103074141048825,0.9222520107238605,0.07340449710128392
0.31131221719457014,0.9222520107238605,0.0736403764813801
0.3115942028985507,0.9222520107238605,0.07373210727663353
0.3118766999093382,0.9222520107238605,0.07377495424821426
0.3121597096188748,0.9222520107238605,0.0739503833761576
0.31244323342415986,0.9222520107238605,0.073952289065163
0.31272727272727274,0.9222520107238605,0.07397028093737562
0.3130118289353958,0.9222520107238605,0.07414942915713452
0.3132969034608379,0.9222520107238605,0.0741520936648353
0.31358249772105745,0.9222520107238605,0.07426789943046311
0.31295620437956206,0.9195710455764075,0.07427469742087486
0.3132420091324201,0.9195710455764075,0.07432987540208875
0.31352833638025596,0.9195710455764075,0.07462399712205457
0.3138151875571821,0.9195710455764075,0.0746831851202536
0.3141025641025641,0.9195710455764075,0.07471107883910531
0.31439046746104493,0.9195710455764075,0.0748586797870388
0.3146788990825688,0.9195710455764075,0.074983252680879
0.3149678604224059,0.9195710455764075,0.07518803243377843
0.31525735294117646,0.9195710455764075,0.07521794173918878
0.3155473781048758,0.9195710455764075,0.07542610340128049
0.31583793738489874,0.9195710455764075,0.07573799101020644
0.3161290322580645,0.9195710455764075,0.07574720029946057
0.31642066420664205,0.9195710455764075,0.07587432149019334
0.31671283471837486,0.9195710455764075,0.07590542104780018
0.3170055452865065,0.9195710455764075,0.07596087801705537
0.3172987974098057,0.9195710455764075,0.07600980670446927
0.3175925925925926,0.9195710455764075,0.07601359541508641
0.3178869323447637,0.9195710455764075,0.07601822098778663
0.3181818181818182,0.9195710455764075,0.0761936726552904
0.31847725162488394,0.9195710455764075,0.07636851677740948
0.3187732342007435,0.9195710455764075,0.0765346145927583
0.31906976744186044,0.9195710455764075,0.07654252368263278
0.319366852886406,0.9195710455764075,0.07656767249957128
0.3196644920782852,0.9195710455764075,0.07690552015123286
0.3199626865671642,0.9195710455764075,0.07705948103006274
0.3202614379084967,0.9195710455764075,0.07708179397130832
0.31962616822429907,0.9168900804289544,0.07730452181424435
0.3199251637043966,0.9168900804289544,0.07732063271891329
0.3202247191011236,0.9168900804289544,0.07735480727664384
0.32052483598875353,0.9168900804289544,0.07753805867699366
0.32082551594746717,0.9168900804289544,0.07783412838188762
0.3211267605633803,0.9168900804289544,0.07788715124536003
0.32142857142857145,0.9168900804289544,0.07791872288559966
0.3217309501411101,0.9168900804289544,0.07807738158610396
0.3220338983050847,0.9168900804289544,0.07814254685235815
0.3223374175306315,0.9168900804289544,0.07830345384936623
0.32264150943396225,0.9168900804289544,0.07858580078801344
0.32200188857412654,0.9142091152815014,0.07923043918138092
0.3223062381852552,0.9142091152815014,0.07925659790012221
0.3226111636707663,0.9142091152815014,0.07931588298213722
0.3229166666666667,0.9142091152815014,0.07941208854908383
0.3232227488151659,0.9142091152815014,0.07948588486210736
0.3235294117647059,0.9142091152815014,0.07977737980373131
0.3238366571699905,0.9142091152815014,0.07996192712877874
0.3231939163498099,0.9115281501340483,0.08015217428552392
0.3235014272121789,0.9115281501340483,0.0802789610811015
0.3238095238095238,0.9115281501340483,0.08054713067159551
0.32411820781696854,0.9115281501340483,0.08071782134270129
0.3244274809160305,0.9115281501340483,0.0809888580773393
0.3237822349570201,0.9088471849865952,0.08099682121201043
0.3240917782026769,0.9088471849865952,0.08109847502432092
0.3244019138755981,0.9088471849865952,0.0811613878417701
0.32471264367816094,0.9088471849865952,0.08121610568793797
0.32502396931927136,0.9088471849865952,0.08123107316007667
0.3253358925143954,0.9088471849865952,0.08126504783469939
0.3256484149855908,0.9088471849865952,0.08171720548047211
0.32596153846153847,0.9088471849865952,0.08186608241014069
0.3262752646775746,0.9088471849865952,0.08195074403271793
0.3265895953757225,0.9088471849865952,0.08204692542282595
0.32690453230472516,0.9088471849865952,0.08214645613922246
0.32722007722007723,0.9088471849865952,0.08216306113485777
0.32753623188405795,0.9088471849865952,0.08230878408926744
0.327852998065764,0.9088471849865952,0.08231240264777265
0.3281703775411423,0.9088471849865952,0.08250622506672564
0.32848837209302323,0.9088471849865952,0.08251995176167255
0.3288069835111542,0.9088471849865952,0.08252438460700047
0.329126213592233,0.9088471849865952,0.08260502335434187
0.3294460641399417,0.9088471849865952,0.08262309092968925
0.32976653696498054,0.9088471849865952,0.08275670154565024
0.33008763388510226,0.9088471849865952,0.0833238005163792
0.3304093567251462,0.9088471849865952,0.08364593987505049
0.3307317073170732,0.9088471849865952,0.0836971194669311
0.3310546875,0.9088471849865952,0.08374952077396651
0.3313782991202346,0.9088471849865952,0.08383750058059275
0.33170254403131116,0.9088471849865952,0.08388548772625375
0.33202742409402547,0.9088471849865952,0.08395837441824693
0.3323529411764706,0.9088471849865952,0.08398345366859009
0.3326790971540726,0.9088471849865952,0.08425935372020829
0.3330058939096267,0.9088471849865952,0.08431137137066726
0.3333333333333333,0.9088471849865952,0.084326155048107
0.33366141732283466,0.9088471849865952,0.0843792254213333
0.33399014778325126,0.9088471849865952,0.08442427872326431
0.3343195266272189,0.9088471849865952,0.08463867902759195
0.33464955577492594,0.9088471849865952,0.08464800737351592
0.3349802371541502,0.9088471849865952,0.08487978992959445
0.3353115727002967,0.9088471849865952,0.08512515828009301
0.33564356435643566,0.9088471849865952,0.08535821497541425
0.33597621407333994,0.9088471849865952,0.08541233232719564
0.3353174603174603,0.9061662198391421,0.0854260983864269
0.3356504468718967,0.9061662198391421,0.08563278708463325
0.3359840954274354,0.9061662198391421,0.08570623349064378
0.336318407960199,0.9061662198391421,0.08575960437824913
0.33665338645418325,0.9061662198391421,0.08591812736189323
0.3369890329012961,0.9061662198391421,0.0860576717360961
0.3373253493013972,0.9061662198391421,0.08616442745338702
0.33766233766233766,0.9061662198391421,0.08662937013751651
0.338,0.9061662198391421,0.08667851393087865
0.3383383383383383,0.9061662198391421,0.08667907018134509
0.3376753507014028,0.903485254691689,0.08674212476353739
0.33801404212637914,0.903485254691689,0.08689493540487998
0.3373493975903614,0.900804289544236,0.08692991129679892
0.33768844221105526,0.900804289544236,0.08694431003140368
0.3380281690140845,0.900804289544236,0.08695987071801208
0.338368580060423,0.900804289544236,0.0871865854880774
0.3387096774193548,0.900804289544236,0.08719361825173719
0.33905146316851664,0.900804289544236,0.08729778519452137
0.3393939393939394,0.900804289544236,0.08730326093443062
0.33872598584428715,0.8981233243967829,0.08746958647303034
0.3390688259109312,0.8981233243967829,0.08753838377776862
0.3394123606889564,0.8981233243967829,0.08772386201688809
0.33975659229208927,0.8981233243967829,0.08778218285647162
0.3401015228426396,0.8981233243967829,0.08791526313623654
0.3404471544715447,0.8981233243967829,0.0879338836297385
0.340793489318413,0.8981233243967829,0.08827127982286959
0.3411405295315682,0.8981233243967829,0.08838683559186038
0.3414882772680938,0.8981233243967829,0.08853335331777437
0.34183673469387754,0.8981233243967829,0.08857982591255048
0.3421859039836568,0.8981233243967829,0.08885807864134722
0.3425357873210634,0.8981233243967829,0.08897141681092893
0.3428863868986694,0.8981233243967829,0.08900013910497893
0.3432377049180328,0.8981233243967829,0.08931507944287617
0.3435897435897436,0.8981233243967829,0.0893279487233223
0.34394250513347024,0.8981233243967829,0.08942155771319261
0.3442959917780062,0.8981233243967829,0.08962339797179847
0.3446502057613169,0.8981233243967829,0.09029933749975318
0.345005149330587,0.8981233243967829,0.0905450199969548
0.34536082474226804,0.8981233243967829,0.09054700460898225
0.3457172342621259,0.8981233243967829,0.09055758141535791
0.34607438016528924,0.8981233243967829,0.0906188638805544
0.34643226473629785,0.8981233243967829,0.09069904544882176
0.34575569358178054,0.8954423592493298,0.09110833313845014
0.3450777202072539,0.8927613941018767,0.09112901187293106
0.3454356846473029,0.8927613941018767,0.09124958197341856
0.34475597092419524,0.8900804289544236,0.09125918753735061
0.34511434511434513,0.8900804289544236,0.09135902660823271
0.34547346514047866,0.8900804289544236,0.0914209913169096
0.3458333333333333,0.8900804289544236,0.09148295560517535
0.34515119916579773,0.8873994638069705,0.09148764011554236
0.3455114822546973,0.8873994638069705,0.0916932156476267
0.3458725182863114,0.8873994638069705,0.09170386569684862
0.34623430962343094,0.8873994638069705,0.09189629071321515
0.34659685863874345,0.8873994638069705,0.09196313308664292
0.3469601677148847,0.8873994638069705,0.09261145978068762
0.3462749213011542,0.8847184986595175,0.09267405059019683
0.34663865546218486,0.8847184986595175,0.09274559917215028
0.3470031545741325,0.8847184986595175,0.09294163319400356
0.3473684210526316,0.8847184986595175,0.09294223842462015
0.34773445732349845,0.8847184986595175,0.09305934454253817
0.34810126582278483,0.8847184986595175,0.09307678399502933
0.3484688489968321,0.8847184986595175,0.0930775351009301
0.3488372093023256,0.8847184986595175,0.09312773605721
0.3492063492063492,0.8847184986595175,0.09324594507558777
0.3495762711864407,0.8847184986595175,0.09328845889853472
0.34994697773064687,0.8847184986595175,0.0934144277285155
0.3503184713375796,0.8847184986595175,0.09359051490359797
0.35069075451647186,0.8847184986595175,0.09371774174573647
0.35106382978723405,0.8847184986595175,0.09376074257509572
0.3514376996805112,0.8847184986595175,0.09394135433868425
0.35074626865671643,0.8820375335120644,0.09404983262366093
0.3511205976520811,0.8820375335120644,0.09406869419301714
0.35149572649572647,0.8820375335120644,0.09425621276599837
0.3518716577540107,0.8820375335120644,0.09430455188065266
0.3511777301927195,0.8793565683646113,0.09433820254868103
0.3515541264737406,0.8793565683646113,0.09447944359805735
0.351931330472103,0.8793565683646113,0.0947466106473855
0.3523093447905478,0.8793565683646113,0.09479115035378627
0.35268817204301073,0.8793565683646113,0.09492970501853716
0.35306781485468247,0.8793565683646113,0.09500331280020022
0.35237068965517243,0.8766756032171582,0.09515952110241838
0.35275080906148865,0.8766756032171582,0.09519738419500318
0.3531317494600432,0.8766756032171582,0.0952494498847852
0.3535135135135135,0.8766756032171582,0.0954899499750808
0.3538961038961039,0.8766756032171582,0.09564431395890882
0.3542795232936078,0.8766756032171582,0.09590006642459242
0.3546637744034707,0.8766756032171582,0.09600393329913405
0.3550488599348534,0.8766756032171582,0.09603724824251679
0.35543478260869565,0.8766756032171582,0.09604725399146777
0.3558215451577802,0.8766756032171582,0.09619981143991581
0.355119825708061,0.8739946380697051,0.09636664668435863
0.3555070883315158,0.8739946380697051,0.09648654496719238
0.3558951965065502,0.8739946380697051,0.09655591470237851
0.35628415300546445,0.8739946380697051,0.09667778354821355
0.35667396061269147,0.8739946380697051,0.09675597416004195
0.35706462212486306,0.8739946380697051,0.09682223656384042
0.3574561403508772,0.8739946380697051,0.09690233824277028
0.3578485181119649,0.8739946380697051,0.09695637942435985
0.35824175824175825,0.8739946380697051,0.09717075066722251
0.3586358635863586,0.8739946380697051,0.09721780912077475
0.3590308370044053,0.8739946380697051,0.09721829181891681
0.35942668136714445,0.8739946380697051,0.09753534197871602
0.3598233995584989,0.8739946380697051,0.09782551999727733
0.3602209944751381,0.8739946380697051,0.09783474854368047
0.3606194690265487,0.8739946380697051,0.09784450955782456
0.3610188261351052,0.8739946380697051,0.09809197713808672
0.3614190687361419,0.8739946380697051,0.09825699311222418
0.36182019977802443,0.8739946380697051,0.09870929362416576
0.3622222222222222,0.8739946380697051,0.09890191603790997
0.36262513904338156,0.8739946380697051,0.09890981613492825
0.36302895322939865,0.8739946380697051,0.0990623378014651
0.3634336677814939,0.8739946380697051,0.0991543796279391
0.3638392857142857,0.8739946380697051,0.09916575794110298
0.3642458100558659,0.8739946380697051,0.09922071260057377
0.36465324384787473,0.8739946380697051,0.09924741374978185
0.3650615901455767,0.8739946380697051,0.09929929107435011
0.36434977578475336,0.871313672922252,0.09942197330290664
0.36475869809203143,0.871313672922252,0.09947793071679385
0.3651685393258427,0.871313672922252,0.09948576736175056
0.3655793025871766,0.871313672922252,0.09964639816575084
0.36599099099099097,0.871313672922252,0.09966833263611205
0.3664036076662909,0.871313672922252,0.09976864289026628
0.36681715575620766,0.871313672922252,0.09982189653608281
0.36610169491525424,0.868632707774799,0.0999220936304936
0.36538461538461536,0.8659517426273459,0.10000094623804122
0.36579841449603623,0.8659517426273459,0.10003873047115046
0.36621315192743764,0.8659517426273459,0.10031099571223658
0.36662883087400683,0.8659517426273459,0.1004987527858557
0.36704545454545456,0.8659517426273459,0.10068616484405027
0.36746302616609783,0.8659517426273459,0.100813003921993
0.3678815489749431,0.8659517426273459,0.10120057301221608
0.36830102622576966,0.8659517426273459,0.1012787376489894
0.3687214611872146,0.8659517426273459,0.10128184585525993
0.36914285714285716,0.8659517426273459,0.10154618118016887
0.3695652173913043,0.8659517426273459,0.10162290740449254
0.3699885452462772,0.8659517426273459,0.10173091895364296
0.3704128440366973,0.8659517426273459,0.10178789965834528
0.37083811710677383,0.8659517426273459,0.1017885347408875
0.37126436781609196,0.8659517426273459,0.10193548608771541
0.3716915995397008,0.8659517426273459,0.1022432287429454
0.3721198156682028,0.8659517426273459,0.10224639785230569
0.37254901960784315,0.8659517426273459,0.10226932397514196
0.3729792147806005,0.8659517426273459,0.10239684569317878
0.37341040462427744,0.8659517426273459,0.10241512155500888
0.3738425925925926,0.8659517426273459,0.10256585111969102
0.373117033603708,0.8632707774798928,0.1026323209098313
0.37354988399071926,0.8632707774798928,0.1026903575656282
0.37398373983739835,0.8632707774798928,0.10273040354120518
0.3744186046511628,0.8632707774798928,0.10289743332221955
0.37485448195576254,0.8632707774798928,0.10303394658000152
0.3752913752913753,0.8632707774798928,0.10310488846194765
0.3757292882147025,0.8632707774798928,0.10312918399965092
0.37616822429906543,0.8632707774798928,0.1031956182322442
0.37660818713450295,0.8632707774798928,0.10325892004359569
0.3770491803278688,0.8632707774798928,0.1032712231135785
0.37749120750293086,0.8632707774798928,0.10330794930983285
0.3779342723004695,0.8632707774798928,0.10341471471679765
0.3783783783783784,0.8632707774798928,0.10347781591122711
0.3788235294117647,0.8632707774798928,0.10349048610998346
0.3792697290930506,0.8632707774798928,0.10371555146205053
0.37971698113207547,0.8632707774798928,0.10411372207040204
0.38016528925619836,0.8632707774798928,0.10419884968443321
0.37943262411347517,0.8605898123324397,0.10427748801468167
0.37988165680473374,0.8605898123324397,0.10433259842931135
0.3803317535545024,0.8605898123324397,0.10434620815235984
0.37959667852906287,0.8579088471849866,0.10449022115225264
0.38004750593824227,0.8579088471849866,0.10475938832962015
0.380499405469679,0.8579088471849866,0.10480547583777824
0.38095238095238093,0.8579088471849866,0.10489934035886433
0.3814064362336114,0.8579088471849866,0.10506102037709995
0.3818615751789976,0.8579088471849866,0.10512938243675389
0.3823178016726404,0.8579088471849866,0.10516148901448977
0.3827751196172249,0.8579088471849866,0.10524348272487868
0.38323353293413176,0.8579088471849866,0.10526388785212806
0.3824940047961631,0.8552278820375335,0.10549612215096493
0.3817527010804322,0.8525469168900804,0.10573151798536375
0.38100961538461536,0.8498659517426274,0.10579036700380472
0.381468110709988,0.8498659517426274,0.1058149550470805
0.3819277108433735,0.8498659517426274,0.10586931215723135
0.3823884197828709,0.8498659517426274,0.10590407317746521
0.38164251207729466,0.8471849865951743,0.10597444345878268
0.38210399032648124,0.8471849865951743,0.10601008791501765
0.3813559322033898,0.8445040214477212,0.10617103725210142
0.38181818181818183,0.8445040214477212,0.10619906016621365
0.38228155339805825,0.8445040214477212,0.10621848073080281
0.3827460510328068,0.8445040214477212,0.10659595275194951
0.38321167883211676,0.8445040214477212,0.10683735563172111
0.38367844092570036,0.8445040214477212,0.10737922584344493
0.38414634146341464,0.8445040214477212,0.1073793996245548
0.3833943833943834,0.8418230563002681,0.10748225282721313
0.38386308068459657,0.8418230563002681,0.10774563212600365
0.3843329253365973,0.8418230563002681,0.10776493788821828
0.38357843137254904,0.839142091152815,0.10793811650214385
0.38404907975460123,0.839142091152815,0.10822296428811043
0.3845208845208845,0.839142091152815,0.10828578265247976
0.3849938499384994,0.839142091152815,0.1083952328879903
0.3854679802955665,0.839142091152815,0.10840262662563525
0.38594327990135635,0.839142091152815,0.1089763139025756
0.38641975308641974,0.839142091152815,0.10903455398829981
0.3868974042027194,0.839142091152815,0.10904246128784692
0.3873762376237624,0.839142091152815,0.10914094715223734
0.3878562577447336,0.839142091152815,0.10919119609924537
0.3870967741935484,0.8364611260053619,0.10926983899232869
0.3875776397515528,0.8364611260053619,0.10952386177314173
0.3880597014925373,0.8364611260053619,0.10998917371231066
0.38854296388542964,0.8364611260053619,0.11000622975679322
0.38902743142144636,0.8364611260053619,0.11012228452700101
0.3895131086142322,0.8364611260053619,0.11020904937100212
0.39,0.8364611260053619,0.11046495301601883
0.3904881101376721,0.8364611260053619,0.11048128571207973
0.39097744360902253,0.8364611260053619,0.11049983660868243
0.39146800501882056,0.8364611260053619,0.11081909329343889
0.39195979899497485,0.8364611260053619,0.11146835749135355
0.39245283018867927,0.8364611260053619,0.11166313210113374
0.3916876574307305,0.8337801608579088,0.11183271535430972
0.3921815889029004,0.8337801608579088,0.11184012353635911
0.3926767676767677,0.8337801608579088,0.11185742221344869
0.393173198482933,0.8337801608579088,0.11217396708950353
0.39367088607594936,0.8337801608579088,0.1124677994381314
0.394169835234474,0.8337801608579088,0.11256976758219343
0.3946700507614213,0.8337801608579088,0.11281391368013086
0.3951715374841169,0.8337801608579088,0.11291367911525271
0.39567430025445294,0.8337801608579088,0.11309371088527105
0.3961783439490446,0.8337801608579088,0.11315519911177929
0.39668367346938777,0.8337801608579088,0.11323571108286616
0.39719029374201786,0.8337801608579088,0.11329397354732912
0.3976982097186701,0.8337801608579088,0.1133393734758694
0.39820742637644047,0.8337801608579088,0.11356287325225434
0.39871794871794874,0.8337801608579088,0.11371533795141935
0.3979460847240051,0.8310991957104558,0.11377328063616796
0.39845758354755784,0.8310991957104558,0.11390214776894901
0.398970398970399,0.8310991957104558,0.11390423792632882
0.39948453608247425,0.8310991957104558,0.11397315630754068
0.4,0.8310991957104558,0.11399316593511664
0.4005167958656331,0.8310991957104558,0.11403783696404364
0.40103492884864167,0.8310991957104558,0.1141926251685014
0.4015544041450777,0.8310991957104558,0.11427731634475737
0.40207522697795073,0.8310991957104558,0.11445781433554593
0.4025974025974026,0.8310991957104558,0.11450966767276191
0.40312093628088425,0.8310991957104558,0.11461596614268892
0.4036458333333333,0.8310991957104558,0.1147611333890137
0.4041720990873533,0.8310991957104558,0.11478593418026925
0.4046997389033943,0.8310991957104558,0.11497154118156122
0.40522875816993464,0.8310991957104558,0.1152589559570784
0.40575916230366493,0.8310991957104558,0.11526477504757163
0.40629095674967236,0.8310991957104558,0.1152740322625165
0.4068241469816273,0.8310991957104558,0.11532626634004821
0.4073587385019711,0.8310991957104558,0.11541876183311917
0.40789473684210525,0.8310991957104558,0.1154701683824068
0.40843214756258234,0.8310991957104558,0.11569695410852165
0.40897097625329815,0.8310991957104558,0.11570045848997063
0.4081902245706737,0.8284182305630027,0.11578989016867255
0.4087301587301587,0.8284182305630027,0.1158000525691127
0.40927152317880794,0.8284182305630027,0.11585847083756443
0.40981432360742703,0.8284182305630027,0.11602929651244283
0.4103585657370518,0.8284182305630027,0.11613227540200935
0.4109042553191489,0.8284182305630027,0.11651905109690683
0.41145139813581894,0.8284182305630027,0.11666082603609237
0.412,0.8284182305630027,0.11669144787248252
0.41255006675567424,0.8284182305630027,0.11695543167111444
0.41310160427807485,0.8284182305630027,0.11734807963334874
0.41365461847389556,0.8284182305630027,0.11740014790142374
0.41420911528150134,0.8284182305630027,0.1175427870473135
0.4147651006711409,0.8284182305630027,0.1178788257436634
0.41397849462365593,0.8257372654155496,0.11798746871996513
0.414535666218035,0.8257372654155496,0.11810158707969029
0.41509433962264153,0.8257372654155496,0.11849203294526528
0.4156545209176788,0.8257372654155496,0.11866695458875791
0.41621621621621624,0.8257372654155496,0.11911251153759007
0.4167794316644114,0.8257372654155496,0.11913109289882753
0.4173441734417344,0.8257372654155496,0.1191826323334196
0.417910447761194,0.8257372654155496,0.11951292606451744
0.41847826086956524,0.8257372654155496,0.1195628647104851
0.41904761904761906,0.8257372654155496,0.11974063377540854
0.41825613079019075,0.8230563002680965,0.11988950188507393
0.41882673942701226,0.8230563002680965,0.12012716544159197
0.41939890710382516,0.8230563002680965,0.1201809244565326
0.41997264021887826,0.8230563002680965,0.12035112415383177
0.42054794520547945,0.8230563002680965,0.12048747245086204
0.42112482853223593,0.8230563002680965,0.1208365682351046
0.4217032967032967,0.8230563002680965,0.12096722150353792
0.422283356258597,0.8230563002680965,0.12100041083104643
0.4228650137741047,0.8230563002680965,0.12132795451794604
0.42344827586206896,0.8230563002680965,0.12135235848172773
0.4240331491712707,0.8230563002680965,0.12161425567001695
0.42461964038727523,0.8230563002680965,0.12165278584969627
0.425207756232687,0.8230563002680965,0.12171306938564197
0.42579750346740636,0.8230563002680965,0.12175491785179822
0.425,0.8203753351206434,0.12186813130922336
0.42559109874826145,0.8203753351206434,0.1222354360146997
0.42618384401114207,0.8203753351206434,0.1222374014731688
0.42677824267782427,0.8203753351206434,0.1223642432386884
0.4273743016759777,0.8203753351206434,0.12248902357980317
0.42657342657342656,0.8176943699731903,0.12319153351994426
0.4257703081232493,0.8150134048257373,0.12324784559211013
0.426367461430575,0.8150134048257373,0.12340549955128294
0.42696629213483145,0.8150134048257373,0.12340682510879321
0.42756680731364277,0.8150134048257373,0.123416001701592
0.428169014084507,0.8150134048257373,0.12347009034000606
0.4287729196050776,0.8150134048257373,0.12350169774051382
0.4293785310734463,0.8150134048257373,0.12379645261587237
0.42998585572843,0.8150134048257373,0.1240789374872622
0.43059490084985835,0.8150134048257373,0.12428898405763833
0.43120567375886526,0.8150134048257373,0.12446919597937854
0.4318181818181818,0.8150134048257373,0.124651462211139
0.43243243243243246,0.8150134048257373,0.12496476336022537
0.43162393162393164,0.8123324396782842,0.12525509341330948
0.4322396576319544,0.8123324396782842,0.12538350254997938
0.4328571428571429,0.8123324396782842,0.12540130261611476
0.4334763948497854,0.8123324396782842,0.12542558999098263
0.4340974212034384,0.8123324396782842,0.12550301923563809
0.4347202295552367,0.8123324396782842,0.12559984175403432
0.4353448275862069,0.8123324396782842,0.1256157473813482
0.43597122302158275,0.8123324396782842,0.1256517437812369
0.4365994236311239,0.8123324396782842,0.1258752411991297
0.43722943722943725,0.8123324396782842,0.1262904934587183
0.43786127167630057,0.8123324396782842,0.12673034189077423
0.4384949348769899,0.8123324396782842,0.12675697017217738
0.4391304347826087,0.8123324396782842,0.1268929685090371
0.4397677793904209,0.8123324396782842,0.12692089969851517
0.44040697674418605,0.8123324396782842,0.12696217071232382
0.4410480349344978,0.8123324396782842,0.12698586260046593
0.44169096209912534,0.8123324396782842,0.12700764845449997
0.44233576642335765,0.8123324396782842,0.12703582937874044
0.44298245614035087,0.8123324396782842,0.12752039945880028
0.44363103953147875,0.8123324396782842,0.1276350741929971
0.4442815249266862,0.8123324396782842,0.1276677406774376
0.44493392070484583,0.8123324396782842,0.12779760198266024
0.4455882352941177,0.8123324396782842,0.12784176156325777
0.44624447717231225,0.8123324396782842,0.12808859599836409
0.44542772861356933,0.8096514745308311,0.1280948417966047
0.4460856720827179,0.8096514745308311,0.12823037833909168
0.4467455621301775,0.8096514745308311,0.12833089681654772
0.4474074074074074,0.8096514745308311,0.1284808869563025
0.4465875370919881,0.806970509383378,0.12856472063325233
0.4457652303120357,0.8042895442359249,0.12927251182973512
0.44642857142857145,0.8042895442359249,0.12936394377112054
0.44709388971684055,0.8042895442359249,0.1295214756413505
0.4462686567164179,0.8016085790884718,0.1296439375898274
0.4469357249626308,0.8016085790884718,0.12967140722671608
0.4476047904191617,0.8016085790884718,0.1297456097367479
0.4482758620689655,0.8016085790884718,0.12978054817077822
0.44894894894894893,0.8016085790884718,0.1299947612586448
0.4496240601503759,0.8016085790884718,0.13003072810505226
0.4503012048192771,0.8016085790884718,0.1301598268146484
0.4494720965309201,0.7989276139410187,0.13030034538128116
0.4501510574018127,0.7989276139410187,0.1303099169121558
0.4508320726172466,0.7989276139410187,0.13041879956994967
0.45,0.7962466487935657,0.13060264773757885
0.45068285280728376,0.7962466487935657,0.1306875057297661
0.4513677811550152,0.7962466487935657,0.13073895656223813
0.4520547945205479,0.7962466487935657,0.1308471199967907
0.4527439024390244,0.7962466487935657,0.13085012523947626
0.4534351145038168,0.7962466487935657,0.1311340140204492
0.4525993883792049,0.7935656836461126,0.13131071175414463
0.45329249617151607,0.7935656836461126,0.13141276223712328
0.4539877300613497,0.7935656836461126,0.13143874623144325
0.45468509984639016,0.7935656836461126,0.13159790395318047
0.4553846153846154,0.7935656836461126,0.13177899378781655
0.4560862865947612,0.7935656836461126,0.1320389527446115
0.4567901234567901,0.7935656836461126,0.13211538382426116
0.4574961360123648,0.7935656836461126,0.13217478737575938
0.4582043343653251,0.7935656836461126,0.13226151627637617
0.4573643410852713,0.7908847184986595,0.13226469802136293
0.4580745341614907,0.7908847184986595,0.13230890430005343
0.45878693623639194,0.7908847184986595,0.1323973796072455
0.45950155763239875,0.7908847184986595,0.13241916518614977
0.45865834633385333,0.7882037533512064,0.13269152867816467
0.459375,0.7882037533512064,0.1327326610674556
0.460093896713615,0.7882037533512064,0.13296837279534926
0.4608150470219436,0.7882037533512064,0.13301318393497616
0.4599686028257457,0.7855227882037533,0.1330738208719179
0.4591194968553459,0.7828418230563002,0.13327762711964664
0.45984251968503936,0.7828418230563002,0.13365595184661738
0.4589905362776025,0.7801608579088471,0.13389237889924965
0.4597156398104265,0.7801608579088471,0.13419600220363107
0.46044303797468356,0.7801608579088471,0.1342514703209926
0.4595879556259905,0.7774798927613941,0.13426367746197543
0.4587301587301587,0.774798927613941,0.13427846353048345
0.4594594594594595,0.774798927613941,0.13428563145069083
0.4585987261146497,0.7721179624664879,0.13445855313739727
0.45933014354066987,0.7721179624664879,0.13460518425795434
0.46006389776357826,0.7721179624664879,0.13480197375432196
0.4608,0.7721179624664879,0.13483374806796075
0.4599358974358974,0.7694369973190348,0.13489029457761947
0.4606741573033708,0.7694369973190348,0.13493392270089744
0.46141479099678456,0.7694369973190348,0.13496211887767354
0.46215780998389694,0.7694369973190348,0.13505571843304306
0.4629032258064516,0.7694369973190348,0.13524750502855792
0.46365105008077545,0.7694369973190348,0.13536106029230704
0.46440129449838186,0.7694369973190348,0.13547697826880495
0.4651539708265802,0.7694369973190348,0.1356059178241131
0.4659090909090909,0.7694369973190348,0.13592268065062074
0.4666666666666667,0.7694369973190348,0.13593525610755752
0.46579804560260585,0.7667560321715817,0.13608541453450013
0.466557911908646,0.7667560321715817,0.1362465344621372
0.4673202614379085,0.7667560321715817,0.13624956016507284
0.4664484451718494,0.7640750670241286,0.13655300241270873
0.46557377049180326,0.7613941018766756,0.13664239309735085
0.4663382594417077,0.7613941018766756,0.1367793991229349
0.46710526315789475,0.7613941018766756,0.13694955198722014
0.46622734761120266,0.7587131367292225,0.13699048430335445
0.46534653465346537,0.7560321715817694,0.1369916906316974
0.4644628099173554,0.7533512064343163,0.13796854413495435
0.4652317880794702,0.7533512064343163,0.13817031582996045
0.4660033167495854,0.7533512064343163,0.13861563001562624
0.46677740863787376,0.7533512064343163,0.13906211999423618
0.46755407653910147,0.7533512064343163,0.1394343723945464
0.4666666666666667,0.7506702412868632,0.13960750507616876
0.4657762938230384,0.7479892761394102,0.13963599232610016
0.4665551839464883,0.7479892761394102,0.13966402451140067
0.46733668341708545,0.7479892761394102,0.13975536100122976
0.4664429530201342,0.7453083109919572,0.13980682237446804
0.4672268907563025,0.7453083109919572,0.14028407611215396
0.4663299663299663,0.7426273458445041,0.14043008056664125
0.4671163575042159,0.7426273458445041,0.14044246550937872
0.46621621621621623,0.739946380697051,0.1411323191589225
0.467005076142132,0.739946380697051,0.14126275667709726
0.46779661016949153,0.739946380697051,0.14164881923510378
0.4685908319185059,0.739946380697051,0.14184817081772227
0.46938775510204084,0.739946380697051,0.14185550521959375
0.47018739352640543,0.739946380697051,0.14240312683714298
0.4709897610921502,0.739946380697051,0.14251241719751348
0.4717948717948718,0.739946380697051,0.14256405558291932
0.4708904109589041,0.7372654155495979,0.14261462123292581
0.4699828473413379,0.7345844504021448,0.14268101654594334
0.47079037800687284,0.7345844504021448,0.14280653280576264
0.47160068846815834,0.7345844504021448,0.14286305595113538
0.4724137931034483,0.7345844504021448,0.14301573766598108
0.47322970639032813,0.7345844504021448,0.14327081193876084
0.4740484429065744,0.7345844504021448,0.14336678163075453
0.4748700173310225,0.7345844504021448,0.1434247602429258
0.4756944444444444,0.7345844504021448,0.1440050049455317
0.4765217391304348,0.7345844504021448,0.1443471472188737
0.47735191637630664,0.7345844504021448,0.14466785611417043
0.4781849912739965,0.7345844504021448,0.14469961020050243
0.479020979020979,0.7345844504021448,0.1449927586480054
0.4798598949211909,0.7345844504021448,0.14500307723502565
0.4807017543859649,0.7345844504021448,0.1452004123795665
0.48154657293497366,0.7345844504021448,0.1454177769204214
0.4823943661971831,0.7345844504021448,0.14569731383942933
0.48324514991181655,0.7345844504021448,0.14579181640126987
0.4840989399293286,0.7345844504021448,0.14579310098684148
0.4849557522123894,0.7345844504021448,0.14580278526370696
0.4858156028368794,0.7345844504021448,0.14587376500429503
0.4866785079928952,0.7345844504021448,0.14590670522117938
0.4875444839857651,0.7345844504021448,0.1460358654243314
0.48841354723707664,0.7345844504021448,0.14632195979957857
0.48928571428571427,0.7345844504021448,0.1464014390658343
0.49016100178890876,0.7345844504021448,0.14658358290691423
0.4910394265232975,0.7345844504021448,0.14678308580071464
0.4919210053859964,0.7345844504021448,0.14692195163752292
0.49280575539568344,0.7345844504021448,0.14715731458828782
0.4918918918918919,0.7319034852546917,0.14743420942150257
0.4927797833935018,0.7319034852546917,0.14745142807551015
0.4918625678119349,0.7292225201072386,0.14745151056199685
0.49094202898550726,0.7265415549597856,0.14747638714821779
0.49183303085299457,0.7265415549597856,0.14763191318790578
0.4909090909090909,0.7238605898123325,0.1476875608806454
0.4899817850637523,0.7211796246648794,0.1477242209159242
0.48905109489051096,0.7184986595174263,0.1478332789104099
0.489945155393053,0.7184986595174263,0.1479752814971122
0.4908424908424908,0.7184986595174263,0.14797838398325044
0.4917431192660551,0.7184986595174263,0.14882486476521964
0.49080882352941174,0.7158176943699732,0.14896747947508687
0.49171270718232046,0.7158176943699732,0.14914269938018945
0.492619926199262,0.7158176943699732,0.14921987304045095
0.49168207024029575,0.7131367292225201,0.14933768698491187
0.4925925925925926,0.7131367292225201,0.14938055664661326
0.4935064935064935,0.7131367292225201,0.14961099480466653
0.49256505576208176,0.710455764075067,0.14989188069751563
0.4934823091247672,0.710455764075067,0.14990876006070591
0.4944029850746269,0.710455764075067,0.15047687893055725
0.4953271028037383,0.710455764075067,0.15050306960018273
0.4943820224719101,0.707774798927614,0.15078612367380315
0.49530956848030017,0.707774798927614,0.15087528176057396
0.49624060150375937,0.707774798927614,0.15090017526757685
0.4971751412429379,0.707774798927614,0.15091224807374973
0.4981132075471698,0.707774798927614,0.15094633326381016
0.497164461247637,0.7050938337801609,0.1510250378522313
0.4981060606060606,0.7050938337801609,0.15113481851975263
0.4971537001897533,0.7024128686327078,0.15121024603842678
0.49809885931558934,0.7024128686327078,0.1512928512871015
0.4990476190476191,0.7024128686327078,0.15215064787668492
0.5,0.7024128686327078,0.1522187780261812
0.49904397705544934,0.6997319034852547,0.15238222244033744
0.5,0.6997319034852547,0.15239284493328753
0.5009596928982726,0.6997319034852547,0.15291868694986033
0.5019230769230769,0.6997319034852547,0.1530926485973697
0.5009633911368016,0.6970509383378016,0.15366708721352698
0.5,0.6943699731903485,0.153999499365026
0.4990328820116054,0.6916890080428955,0.15400635071549304
0.5,0.6916890080428955,0.15426831998194362
0.5009708737864078,0.6916890080428955,0.15429627663570863
0.5019455252918288,0.6916890080428955,0.15441662855976504
0.5029239766081871,0.6916890080428955,0.15449213556155694
0.50390625,0.6916890080428955,0.15456904775334415
0.5048923679060665,0.6916890080428955,0.1552914665718522
0.503921568627451,0.6890080428954424,0.15553351636088752
0.5029469548133595,0.6863270777479893,0.1556689624446216
0.5039370078740157,0.6863270777479893,0.15647364594137964
0.504930966469428,0.6863270777479893,0.15654426485626544
0.5059288537549407,0.6863270777479893,0.1565980273308982
0.5069306930693069,0.6863270777479893,0.1568883090943947
0.5079365079365079,0.6863270777479893,0.15746990384509582
0.5069582504970179,0.6836461126005362,0.15751865230740417
0.5079681274900398,0.6836461126005362,0.15774181646421764
0.5089820359281437,0.6836461126005362,0.1581358708973478
0.51,0.6836461126005362,0.1590881011394505
0.5110220440881763,0.6836461126005362,0.15918817486705317
0.5100401606425703,0.6809651474530831,0.1596042895355372
0.5110663983903421,0.6809651474530831,0.15975667586787645
0.5120967741935484,0.6809651474530831,0.1600308580996703
0.5111111111111111,0.67828418230563,0.160060880553363
0.5121457489878543,0.67828418230563,0.1600835562937117
0.513184584178499,0.67828418230563,0.16025373653996822
0.5142276422764228,0.67828418230563,0.16028851576478964
0.5132382892057027,0.675603217158177,0.1603096771207854
0.5142857142857142,0.675603217158177,0.1608595263345715
0.5153374233128835,0.675603217158177,0.16102275011221806
0.514344262295082,0.6729222520107239,0.16109964822009237
0.5154004106776181,0.6729222520107239,0.16192319227597232
0.5164609053497943,0.6729222520107239,0.16231013972912592
0.5175257731958763,0.6729222520107239,0.16397898697201466
0.5165289256198347,0.6702412868632708,0.1647605291015008
0.515527950310559,0.6675603217158177,0.16487671010450658
0.5145228215767634,0.6648793565683646,0.1650377656389447
0.5135135135135135,0.6621983914209115,0.16511893718802953
0.5145833333333333,0.6621983914209115,0.16516640602608876
0.5156576200417536,0.6621983914209115,0.1651861385294351
0.5167364016736402,0.6621983914209115,0.16560410543727652
0.5178197064989518,0.6621983914209115,0.16580449928970975
0.5189075630252101,0.6621983914209115,0.16583868342131156
0.52,0.6621983914209115,0.1660593384671751
0.5210970464135021,0.6621983914209115,0.16621570493108087
0.5221987315010571,0.6621983914209115,0.16638722853134144
0.5211864406779662,0.6595174262734584,0.16643416374060227
0.5222929936305732,0.6595174262734584,0.16682363886510942
0.5234042553191489,0.6595174262734584,0.1668713688539338
0.5245202558635395,0.6595174262734584,0.1669900061330756
0.5235042735042735,0.6568364611260054,0.16745411045853884
0.5246252676659529,0.6568364611260054,0.16745475725724443
0.5257510729613734,0.6568364611260054,0.16770619287196248
0.5268817204301075,0.6568364611260054,0.16773867056360037
0.5258620689655172,0.6541554959785523,0.16794688893854393
0.5248380129589633,0.6514745308310992,0.16817124272148035
0.525974025974026,0.6514745308310992,0.16901694763645184
0.527114967462039,0.6514745308310992,0.1691234997706307
0.5260869565217391,0.6487935656836461,0.16934862001020642
0.5272331154684096,0.6487935656836461,0.1694127597049618
0.5283842794759825,0.6487935656836461,0.16980537573695248
0.5295404814004376,0.6487935656836461,0.17003782252868874
0.5285087719298246,0.646112600536193,0.17004147540975575
0.5296703296703297,0.646112600536193,0.17046214441335034
0.5286343612334802,0.6434316353887399,0.17063759554559457
0.5298013245033113,0.6434316353887399,0.17091754929058536
0.5309734513274337,0.6434316353887399,0.1717493117884392
0.532150776053215,0.6434316353887399,0.17182123680223313
0.5333333333333333,0.6434316353887399,0.1718912300102693
0.534521158129176,0.6434316353887399,0.1719396130005932
0.5357142857142857,0.6434316353887399,0.1720278140001236
0.5369127516778524,0.6434316353887399,0.17205313798608496
0.5381165919282511,0.6434316353887399,0.1724535376307923
0.5393258426966292,0.6434316353887399,0.17248238814185565
0.5382882882882883,0.6407506702412868,0.17327479685065214
0.5395033860045146,0.6407506702412868,0.17329076833104118
0.5384615384615384,0.6380697050938338,0.17335061667429172
0.5396825396825397,0.6380697050938338,0.17339527049613815
0.5386363636363637,0.6353887399463807,0.17341878432790162
0.5398633257403189,0.6353887399463807,0.1736659086887884
0.541095890410959,0.6353887399463807,0.17392744757788864
0.5423340961098398,0.6353887399463807,0.17424590303614534
0.5412844036697247,0.6327077747989276,0.17480945907219755
0.542528735632184,0.6327077747989276,0.17488213288825122
0.543778801843318,0.6327077747989276,0.17503172073767972
0.5450346420323325,0.6327077747989276,0.17513590616514532
0.5462962962962963,0.6327077747989276,0.17558585034553553
0.5475638051044084,0.6327077747989276,0.17571711976100066
0.5488372093023256,0.6327077747989276,0.17698622622529442
0.5501165501165501,0.6327077747989276,0.17702042568756474
0.5490654205607477,0.6300268096514745,0.17745055955492495
0.5480093676814989,0.6273458445040214,0.177964127397919
0.5492957746478874,0.6273458445040214,0.17809018313574393
0.5505882352941176,0.6273458445040214,0.1781212687174027
0.5518867924528302,0.6273458445040214,0.17822439806194523
0.5531914893617021,0.6273458445040214,0.1782928714945743
0.5521327014218009,0.6246648793565683,0.1787509346701939
0.5534441805225653,0.6246648793565683,0.1788462485817434
0.5547619047619048,0.6246648793565683,0.1794173022767071
0.5536992840095465,0.6219839142091153,0.18003097865960602
0.5550239234449761,0.6219839142091153,0.18023717284946897
0.5563549160671463,0.6219839142091153,0.18042818186325815
0.5576923076923077,0.6219839142091153,0.18154769473914056
0.5590361445783133,0.6219839142091153,0.18226804853947143
0.5603864734299517,0.6219839142091153,0.18241474992338996
0.5617433414043583,0.6219839142091153,0.18275561906155255
0.5631067961165048,0.6219839142091153,0.18292634321290852
0.5644768856447688,0.6219839142091153,0.18296836447355525
0.5658536585365853,0.6219839142091153,0.1831007627238881
0.5672371638141809,0.6219839142091153,0.18331051924981928
0.5686274509803921,0.6219839142091153,0.18338135640689288
0.5700245700245701,0.6219839142091153,0.18375677701504992
0.5714285714285714,0.6219839142091153,0.184167192738251
0.5728395061728395,0.6219839142091153,0.18425640504584814
0.5742574257425742,0.6219839142091153,0.18447153532469487
0.575682382133995,0.6219839142091153,0.1847307567962307
0.5771144278606966,0.6219839142091153,0.18525668610400753
0.5785536159600998,0.6219839142091153,0.18582839477010962
0.58,0.6219839142091153,0.1860325516608776
0.581453634085213,0.6219839142091153,0.18636626289783273
0.5804020100502513,0.6193029490616622,0.18749808405492036
0.5818639798488665,0.6193029490616622,0.18778563012775626
0.5808080808080808,0.6166219839142091,0.18786989414494384
0.579746835443038,0.613941018766756,0.18823771520810795
0.5812182741116751,0.613941018766756,0.18828680771908998
0.5801526717557252,0.6112600536193029,0.18895480625974112
0.5790816326530612,0.6085790884718498,0.18946786569074714
0.578005115089514,0.6058981233243967,0.19034976886168603
0.5794871794871795,0.6058981233243967,0.19085420547052845
0.5809768637532133,0.6058981233243967,0.1919486235396419
0.5798969072164949,0.6032171581769437,0.19196034391337607
0.5788113695090439,0.6005361930294906,0.19200973723880113
0.5803108808290155,0.6005361930294906,0.19245962144657358
0.5818181818181818,0.6005361930294906,0.19258733090027919
0.5833333333333334,0.6005361930294906,0.19310905878965645
0.5848563968668408,0.6005361930294906,0.1933423557619177
0.5863874345549738,0.6005361930294906,0.19485549962635235
0.5879265091863517,0.6005361930294906,0.19491884546731875
0.5868421052631579,0.5978552278820375,0.1956574259931412
0.5857519788918206,0.5951742627345844,0.19600597834522102
0.5846560846560847,0.5924932975871313,0.1960691652671767
0.583554376657825,0.5898123324396782,0.196175442799557
0.5851063829787234,0.5898123324396782,0.19622425235413085
0.5866666666666667,0.5898123324396782,0.19644816076597907
0.5882352941176471,0.5898123324396782,0.19656362202501895
0.5898123324396782,0.5898123324396782,0.19682950503183927
0.5887096774193549,0.5871313672922251,0.19710206033230002
0.5902964959568733,0.5871313672922251,0.19737773666775368
0.5891891891891892,0.5844504021447721,0.1982547646866939
0.5907859078590786,0.5844504021447721,0.198770435447005
0.592391304347826,0.5844504021447721,0.19883124664851023
0.5940054495912807,0.5844504021447721,0.19928757522863733
0.5956284153005464,0.5844504021447721,0.19947257013792227
0.5945205479452055,0.5817694369973191,0.19981791716941147
0.5934065934065934,0.579088471849866,0.19983508340489023
0.5922865013774105,0.5764075067024129,0.20008493751143888
0.5939226519337016,0.5764075067024129,0.20011004037967603
0.592797783933518,0.5737265415549598,0.20057203107697366
0.5944444444444444,0.5737265415549598,0.20057385777508124
0.5933147632311978,0.5710455764075067,0.2006897089231307
0.5949720670391061,0.5710455764075067,0.2007933087924847
0.5938375350140056,0.5683646112600537,0.2008354430851717
0.5955056179775281,0.5683646112600537,0.2008641038438156
0.5971830985915493,0.5683646112600537,0.2011964011589817
0.5988700564971752,0.5683646112600537,0.20276782064661525
0.6005665722379604,0.5683646112600537,0.20302543417015848
0.5994318181818182,0.5656836461126006,0.20310499690241693
0.5982905982905983,0.5630026809651475,0.20332597976927222
0.6,0.5630026809651475,0.20366098351272854
0.6017191977077364,0.5630026809651475,0.20367497713553678
0.603448275862069,0.5630026809651475,0.2037427149392388
0.6051873198847262,0.5630026809651475,0.20388338216064086
0.6069364161849711,0.5630026809651475,0.20418246646948424
0.6086956521739131,0.5630026809651475,0.2042505188502504
0.6075581395348837,0.5603217158176944,0.20468189155580027
0.60932944606414,0.5603217158176944,0.20476069108615014
0.6081871345029239,0.5576407506702413,0.20508041157267146
0.6070381231671554,0.5549597855227882,0.2050915522614471
0.6088235294117647,0.5549597855227882,0.20558298243597467
0.6076696165191741,0.5522788203753352,0.20575608521778854
0.6094674556213018,0.5522788203753352,0.20600510740892253
0.6112759643916914,0.5522788203753352,0.2061064612165032
0.6101190476190477,0.5495978552278821,0.2070503383773797
0.6119402985074627,0.5495978552278821,0.2073799838283966
0.6137724550898204,0.5495978552278821,0.20774599983705966
0.6156156156156156,0.5495978552278821,0.2079259689000668
0.6174698795180723,0.5495978552278821,0.208409886947788
0.6193353474320241,0.5495978552278821,0.2085676055202721
0.6212121212121212,0.5495978552278821,0.20896218379190742
0.6231003039513677,0.5495978552278821,0.20927989448351747
0.6219512195121951,0.546916890080429,0.209488306408738
0.6207951070336392,0.5442359249329759,0.21053937534272024
0.6226993865030674,0.5442359249329759,0.21070642302422665
0.6246153846153846,0.5442359249329759,0.2110973154398414
0.6265432098765432,0.5442359249329759,0.21134884241521149
0.6253869969040248,0.5415549597855228,0.21160007035645131
0.6242236024844721,0.5388739946380697,0.21161844408150707
0.6261682242990654,0.5388739946380697,0.21177961234765388
0.628125,0.5388739946380697,0.21210968435974145
0.6269592476489029,0.5361930294906166,0.21214840620912043
0.6257861635220126,0.5335120643431636,0.21312464321582442
0.6246056782334385,0.5308310991957105,0.21334998541461717
0.6234177215189873,0.5281501340482574,0.21349093058899235
0.6253968253968254,0.5281501340482574,0.2146789101667722
0.6273885350318471,0.5281501340482574,0.21470027810736092
0.6261980830670927,0.5254691689008043,0.21606856397781102
0.625,0.5227882037533512,0.2164112242034468
0.6270096463022508,0.5227882037533512,0.21647172490630412
0.6290322580645161,0.5227882037533512,0.21734217638005005
0.6310679611650486,0.5227882037533512,0.21755427427222088
0.6331168831168831,0.5227882037533512,0.21801733475823235
0.6351791530944625,0.5227882037533512,0.2183308576320997
0.6372549019607843,0.5227882037533512,0.21845403561195148
0.639344262295082,0.5227882037533512,0.21877622900558275
0.6414473684210527,0.5227882037533512,0.21903294996299594
0.6435643564356436,0.5227882037533512,0.21951175315092528
0.6423841059602649,0.5201072386058981,0.21961924653125758
0.6411960132890365,0.517426273458445,0.22029988697718858
0.64,0.514745308310992,0.22083783662052706
0.6387959866220736,0.5120643431635389,0.22119783671310753
0.6409395973154363,0.5120643431635389,0.2214704017971146
0.6430976430976431,0.5120643431635389,0.22172880248101515
0.6452702702702703,0.5120643431635389,0.22213444526355344
0.6440677966101694,0.5093833780160858,0.22215003619726142
0.6428571428571429,0.5067024128686327,0.22238425516397173
0.6450511945392492,0.5067024128686327,0.22245379196587792
0.6472602739726028,0.5067024128686327,0.22247568576480667
0.6494845360824743,0.5067024128686327,0.22253299767308823
0.6517241379310345,0.5067024128686327,0.22309692907334397
0.6539792387543253,0.5067024128686327,0.22415703718151128
0.65625,0.5067024128686327,0.22449355755872333
0.6550522648083623,0.5040214477211796,0.22451658872377298
0.6573426573426573,0.5040214477211796,0.22461668985202027
0.6596491228070176,0.5040214477211796,0.22566180793713253
0.6584507042253521,0.5013404825737265,0.2264160174921711
0.6607773851590106,0.5013404825737265,0.22670783821035634
0.6631205673758865,0.5013404825737265,0.22727483775588408
0.6654804270462633,0.5013404825737265,0.22728909598830446
0.6678571428571428,0.5013404825737265,0.22742590442872573
0.6666666666666666,0.49865951742627346,0.22746691899946003
0.6654676258992805,0.4959785522788204,0.2274854737325042
0.6678700361010831,0.4959785522788204,0.22779276025878192
0.6666666666666666,0.4932975871313673,0.22805560362038643
0.6654545454545454,0.4906166219839142,0.2289932727862549
0.6678832116788321,0.4906166219839142,0.2291457437170271
0.6666666666666666,0.4879356568364611,0.22977726122580136
0.6691176470588235,0.4879356568364611,0.23045068500061244
0.6715867158671587,0.4879356568364611,0.23232754794331095
0.674074074074074,0.4879356568364611,0.23307575255650512
0.6765799256505576,0.4879356568364611,0.23429387216471173
0.6753731343283582,0.48525469168900803,0.23465017534961813
0.6741573033707865,0.48257372654155495,0.2348168960449746
0.6766917293233082,0.48257372654155495,0.2357182242481403
0.6792452830188679,0.48257372654155495,0.23613818055013483
0.6818181818181818,0.48257372654155495,0.23654716418912503
0.6806083650190115,0.47989276139410186,0.23735060336679709
0.6793893129770993,0.4772117962466488,0.23784461547201421
0.6819923371647509,0.4772117962466488,0.2379810176421453
0.6846153846153846,0.4772117962466488,0.23857097826623794
0.6833976833976834,0.4745308310991957,0.23922615292888613
0.686046511627907,0.4745308310991957,0.24133597744314422
0.6848249027237354,0.4718498659517426,0.24141235758542093
0.6875,0.4718498659517426,0.24149978115883353
0.6901960784313725,0.4718498659517426,0.24156345832271092
0.6929133858267716,0.4718498659517426,0.24509968188420614
0.6956521739130435,0.4718498659517426,0.24514167424592792
0.6944444444444444,0.4691689008042895,0.24524576581694774
0.6932270916334662,0.46648793565683644,0.24566220306532688
0.692,0.46380697050938335,0.2459567181478361
0.6907630522088354,0.46112600536193027,0.24618057846217442
0.6935483870967742,0.46112600536193027,0.24660851601219103
0.6923076923076923,0.4584450402144772,0.24940707263736622
0.6910569105691057,0.45576407506702415,0.24942356591184234
0.6938775510204082,0.45576407506702415,0.24972779213104493
0.6926229508196722,0.45308310991957107,0.2500233187617488
0.691358024691358,0.450402144772118,0.2504549374461846
0.6900826446280992,0.4477211796246649,0.2506287844173048
0.6887966804979253,0.4450402144772118,0.2512008389503855
0.6875,0.44235924932975873,0.2518365804575281
0.6903765690376569,0.44235924932975873,0.25198688457863383
0.6890756302521008,0.43967828418230565,0.2522365328442147
0.6877637130801688,0.43699731903485256,0.25234736874468666
0.690677966101695,0.43699731903485256,0.25244650404782637
0.6936170212765957,0.43699731903485256,0.2527278807284087
0.6965811965811965,0.43699731903485256,0.2531305636030387
0.6995708154506438,0.43699731903485256,0.25313610137310005
0.6982758620689655,0.4343163538873995,0.2533742933582416
0.7012987012987013,0.4343163538873995,0.25439670009636633
0.7,0.4316353887399464,0.2544859196933559
0.6986899563318777,0.4289544235924933,0.25471116514650505
0.7017543859649122,0.4289544235924933,0.2548033587867156
0.7048458149779736,0.4289544235924933,0.2555952485664625
0.7079646017699115,0.4289544235924933,0.2565287955000218
0.7111111111111111,0.4289544235924933,0.25756524050262514
0.7142857142857143,0.4289544235924933,0.25767182737704614
0.7174887892376681,0.4289544235924933,0.25798269295439114
0.7207207207207207,0.4289544235924933,0.258070795410725
0.7239819004524887,0.4289544235924933,0.25852519419659536
0.7272727272727273,0.4289544235924933,0.25944660937925457
0.726027397260274,0.4262734584450402,0.2599748875850709
0.7293577981651376,0.4262734584450402,0.2604125696652301
0.7327188940092166,0.4262734584450402,0.26071107757626794
0.7361111111111112,0.4262734584450402,0.26072686957179814
0.7395348837209302,0.4262734584450402,0.26074945119833987
0.7429906542056075,0.4262734584450402,0.2614178090917534
0.7464788732394366,0.4262734584450402,0.26163430714499547
0.75,0.4262734584450402,0.2617548407958948
0.7488151658767772,0.42359249329758714,0.26176966522451445
0.7476190476190476,0.42091152815013405,0.26191937981682756
0.7464114832535885,0.41823056300268097,0.2621822230326837
0.7451923076923077,0.4155495978552279,0.2635281131331001
0.7439613526570048,0.4128686327077748,0.2644874381129399
0.7475728155339806,0.4128686327077748,0.26452071407931194
0.751219512195122,0.4128686327077748,0.26545051266350517
0.75,0.4101876675603217,0.26625703924814226
0.7536945812807881,0.4101876675603217,0.26774972928271934
0.7524752475247525,0.4075067024128686,0.2678713467740678
0.7562189054726368,0.4075067024128686,0.26863000032143913
0.76,0.4075067024128686,0.269070738406833
0.7587939698492462,0.40482573726541554,0.2694723543941561
0.7626262626262627,0.40482573726541554,0.2713035742158502
0.7614213197969543,0.40214477211796246,0.2741261101311022
0.7653061224489796,0.40214477211796246,0.27516167967321004
0.7692307692307693,0.40214477211796246,0.27825738837586816
0.7680412371134021,0.39946380697050937,0.27840572771156524
0.772020725388601,0.39946380697050937,0.27981557866752566
0.7760416666666666,0.39946380697050937,0.28030069596659585
0.774869109947644,0.3967828418230563,0.2811802521794425
0.7736842105263158,0.3941018766756032,0.2813706006557642
0.7724867724867724,0.3914209115281501,0.2822091178778391
0.7712765957446809,0.38873994638069703,0.28536580551080326
0.7700534759358288,0.38605898123324395,0.286375461743953
0.7741935483870968,0.38605898123324395,0.2888827308332178
0.7783783783783784,0.38605898123324395,0.2890388400459648
0.7771739130434783,0.38337801608579086,0.2903479737308011
0.7759562841530054,0.3806970509383378,0.290704412023941
0.7747252747252747,0.3780160857908847,0.29075955350556026
0.7790055248618785,0.3780160857908847,0.29185270203263863
0.7777777777777778,0.3753351206434316,0.2924010178169574
0.7821229050279329,0.3753351206434316,0.29250298017142573
0.7808988764044944,0.3726541554959786,0.2941178373266274
0.7853107344632768,0.3726541554959786,0.29434461517872657
0.7897727272727273,0.3726541554959786,0.29449391372787886
0.7885714285714286,0.3699731903485255,0.2976620579252042
0.7873563218390804,0.3672922252010724,0.2976976181056431
0.7861271676300579,0.3646112600536193,0.29776525930085684
0.7848837209302325,0.36193029490616624,0.29961783975673206
0.783625730994152,0.35924932975871315,0.3007122475408337
0.7823529411764706,0.35656836461126007,0.3010260458481488
0.7810650887573964,0.353887399463807,0.30166463970985397
0.7797619047619048,0.3512064343163539,0.30227281921664867
0.7784431137724551,0.3485254691689008,0.3034813742007676
0.7831325301204819,0.3485254691689008,0.30393028620168777
0.7878787878787878,0.3485254691689008,0.30484662095345827
0.7865853658536586,0.34584450402144773,0.304928336513199
0.7852760736196319,0.34316353887399464,0.3052525740862344
0.7839506172839507,0.34048257372654156,0.30539018463138223
0.782608695652174,0.3378016085790885,0.3059873716816451
0.78125,0.3351206434316354,0.30659100369642434
0.779874213836478,0.3324396782841823,0.30762555738746095
0.7848101265822784,0.3324396782841823,0.3104413946668453
0.7898089171974523,0.3324396782841823,0.31059579722059466
0.7884615384615384,0.3297587131367292,0.3124897066350798
0.7870967741935484,0.32707774798927614,0.31264881884941975
0.7857142857142857,0.32439678284182305,0.31331782031683425
0.7843137254901961,0.32171581769436997,0.3138883328631399
0.7894736842105263,0.32171581769436997,0.31442323685584983
0.7880794701986755,0.3190348525469169,0.3154367476152621
0.7866666666666666,0.3163538873994638,0.3159765238730831
0.785234899328859,0.3136729222520107,0.3205141876015092
0.7837837837837838,0.3109919571045576,0.32084075408819357
0.782312925170068,0.30831099195710454,0.3209273668083958
0.7808219178082192,0.30563002680965146,0.3216285255446269
0.7793103448275862,0.30294906166219837,0.3216346808045389
0.7777777777777778,0.3002680965147453,0.3227339068711822
0.7832167832167832,0.3002680965147453,0.32530586066354306
0.7816901408450704,0.2975871313672922,0.325466443238472
0.7801418439716312,0.2949061662198391,0.32559831839679726
0.7857142857142857,0.2949061662198391,0.32641083013616584
0.7841726618705036,0.29222520107238603,0.326697730721157
0.782608695652174,0.289544235924933,0.3279715576801055
0.781021897810219,0.2868632707774799,0.3286509691928285
0.7794117647058824,0.28418230563002683,0.3286552994862451
0.7777777777777778,0.28150134048257375,0.33076743230767286
0.7835820895522388,0.28150134048257375,0.33177121798442605
0.7894736842105263,0.28150134048257375,0.3318997107545448
0.7954545454545454,0.28150134048257375,0.3340467710575896
0.7938931297709924,0.27882037533512066,0.33551087069301366
0.8,0.27882037533512066,0.33624420822026907
0.8062015503875969,0.27882037533512066,0.3366232908185407
0.8046875,0.2761394101876676,0.3369259231916328
0.8110236220472441,0.2761394101876676,0.33712481077897816
0.8095238095238095,0.2734584450402145,0.3376045676107832
0.816,0.2734584450402145,0.33976984376341574
0.8145161290322581,0.2707774798927614,0.3427620115765327
0.8211382113821138,0.2707774798927614,0.343969423281912
0.8278688524590164,0.2707774798927614,0.3452021213862086
0.8264462809917356,0.2680965147453083,0.34750768049996006
0.825,0.26541554959785524,0.347735835503491
0.8235294117647058,0.26273458445040215,0.3477416446078847
0.8220338983050848,0.26005361930294907,0.3490572024575775
0.8205128205128205,0.257372654155496,0.34909454156466635
0.8189655172413793,0.2546916890080429,0.3514473851329065
0.8173913043478261,0.2520107238605898,0.35310741609424134
0.8157894736842105,0.24932975871313673,0.3547966023565913
0.8141592920353983,0.24664879356568364,0.3561951358844984
0.8214285714285714,0.24664879356568364,0.3581454969621384
0.8288288288288288,0.24664879356568364,0.35975560502100473
0.8272727272727273,0.24396782841823056,0.36028166138097206
0.8348623853211009,0.24396782841823056,0.3603519617627284
0.8425925925925926,0.24396782841823056,0.36056081503282766
0.8504672897196262,0.24396782841823056,0.3611038538358936
0.8490566037735849,0.24128686327077747,0.3621435959791678
0.8476190476190476,0.2386058981233244,0.36216533191516
0.8461538461538461,0.2359249329758713,0.36339737226903324
0.8543689320388349,0.2359249329758713,0.3641652085450483
0.8529411764705882,0.23324396782841822,0.3650800916290643
0.8514851485148515,0.23056300268096513,0.36690661110040157
0.86,0.23056300268096513,0.3671534432343425
0.8585858585858586,0.22788203753351208,0.3676915896170198
0.8673469387755102,0.22788203753351208,0.36853308441774746
0.865979381443299,0.225201072386059,0.3688676212455447
0.8645833333333334,0.2225201072386059,0.3706099351673568
0.8631578947368421,0.21983914209115282,0.3709300685562287
0.8617021276595744,0.21715817694369974,0.37129140297386926
0.8602150537634409,0.21447721179624665,0.3717464316282213
0.8695652173913043,0.21447721179624665,0.37288104657783144
0.8681318681318682,0.21179624664879357,0.37421444222965194
0.8777777777777778,0.21179624664879357,0.37527517296521384
0.8764044943820225,0.20911528150134048,0.376942824337881
0.8863636363636364,0.20911528150134048,0.3774519265702011
0.8850574712643678,0.2064343163538874,0.3799022492149805
0.8837209302325582,0.2037533512064343,0.38072678867478893
0.8941176470588236,0.2037533512064343,0.38570575782493094
0.9047619047619048,0.2037533512064343,0.3867278977815577
0.9156626506024096,0.2037533512064343,0.3877897196976092
0.9146341463414634,0.20107238605898123,0.38872033584664595
0.9259259259259259,0.20107238605898123,0.38908313252135424
0.925,0.19839142091152814,0.3895655950084224
0.9240506329113924,0.19571045576407506,0.38978544340637866
0.9230769230769231,0.19302949061662197,0.3902157700924516
0.922077922077922,0.1903485254691689,0.39027858609875493
0.9210526315789473,0.1876675603217158,0.39055642232815974
0.9333333333333333,0.1876675603217158,0.39405228960546806
0.9324324324324325,0.18498659517426275,0.39519170375803747
0.9452054794520548,0.18498659517426275,0.3965358958827848
0.9583333333333334,0.18498659517426275,0.39884693415312555
0.9577464788732394,0.18230563002680966,0.3999038988981555
0.9571428571428572,0.17962466487935658,0.4002666486561454
0.9565217391304348,0.1769436997319035,0.4020254823375979
0.9558823529411765,0.1742627345844504,0.4064667456278798
0.9552238805970149,0.17158176943699732,0.40857076952483345
0.9545454545454546,0.16890080428954424,0.4108497351928178
0.9538461538461539,0.16621983914209115,0.4157634720016508
0.96875,0.16621983914209115,0.4158053244007356
0.9682539682539683,0.16353887399463807,0.416048833367003
0.9838709677419355,0.16353887399463807,0.41729115287934376
0.9836065573770492,0.16085790884718498,0.4192965209451058
0.9833333333333333,0.1581769436997319,0.4219273264960352
0.9830508474576272,0.1554959785522788,0.42440311034805683
0.9827586206896551,0.15281501340482573,0.4295467564103825
1.0,0.15281501340482573,0.43504834941908843
1.0,0.15013404825737264,0.43926185150178665
1.0,0.14745308310991956,0.44255637891348787
1.0,0.1447721179624665,0.4435328029966773
1.0,0.14209115281501342,0.44713008606987076
1.0,0.13941018766756033,0.44964006975051585
1.0,0.13672922252010725,0.4569964645868339
1.0,0.13404825737265416,0.46218369911875345
1.0,0.13136729222520108,0.4648003325880264
1.0,0.128686327077748,0.46749596431065094
1.0,0.1260053619302949,0.4800897347118456
1.0,0.12332439678284182,0.4842939902501381
1.0,0.12064343163538874,0.48800854159906787
1.0,0.11796246648793565,0.4954206509814738
1.0,0.11528150134048257,0.49625090721078685
1.0,0.1126005361930295,0.49867037113864054
1.0,0.10991957104557641,0.5020206826098034
1.0,0.10723860589812333,0.5098050954335155
1.0,0.10455764075067024,0.5136913487341963
1.0,0.10187667560321716,0.5150526570430887
1.0,0.09919571045576407,0.5284571819972177
1.0,0.09651474530831099,0.5287179129693432
1.0,0.0938337801608579,0.5309195798349854
1.0,0.09115281501340483,0.5391452376753795
1.0,0.08847184986595175,0.5503994087522297
1.0,0.08579088471849866,0.5511374060778077
1.0,0.08310991957104558,0.5562622568412078
1.0,0.08042895442359249,0.5571453381037791
1.0,0.0777479892761394,0.5750477765435645
1.0,0.07506702412868632,0.5756146878943114
1.0,0.07238605898123325,0.577658597547528
1.0,0.06970509383378017,0.5882595066965743
1.0,0.06702412868632708,0.5887605038492377
1.0,0.064343163538874,0.6013478318841579
1.0,0.06166219839142091,0.6274868852884576
1.0,0.058981233243967826,0.6328667736878936
1.0,0.05630026809651475,0.6430773091542805
1.0,0.05361930294906166,0.6541200659327279
1.0,0.05093833780160858,0.658989346895789
1.0,0.04825737265415549,0.6614553167497028
1.0,0.045576407506702415,0.6854684680693727
1.0,0.04289544235924933,0.7012171150478268
1.0,0.040214477211796246,0.7138639119660841
1.0,0.03753351206434316,0.7196333618423847
1.0,0.03485254691689008,0.722326264519087
1.0,0.032171581769437,0.7264153858685994
1.0,0.029490616621983913,0.7386993236225793
1.0,0.02680965147453083,0.7479769360689216
1.0,0.024128686327077747,0.7486068386686093
1.0,0.021447721179624665,0.7516874648170525
1.0,0.01876675603217158,0.7669666159872278
1.0,0.0160857908847185,0.7868705003689201
1.0,0.013404825737265416,0.8375473243743464
1.0,0.010723860589812333,0.8990273473898798
1.0,0.00804289544235925,0.9100462091004183
1.0,0.005361930294906166,0.9181350393747173
1.0,0.002680965147453083,0.9339010161636025
1.0,0.0,0.0
