ap,auc,lag,percent,iteration
0.5380070262538837,0.7327643930599972,277.12332439678283,0.0,0
0.5380070262538837,0.7327643930599972,277.12332439678283,0.0,1
0.5380070262538837,0.7327643930599972,277.12332439678283,0.0,2
0.5380070262538837,0.7327643930599972,277.12332439678283,0.0,3
0.5380070262538837,0.7327643930599972,277.12332439678283,0.0,4
0.5380070262538837,0.7327643930599972,277.12332439678283,0.0,5
0.5380070262538837,0.7327643930599972,277.12332439678283,0.0,6
0.5380070262538837,0.7327643930599972,277.12332439678283,0.0,7
0.5380070262538837,0.7327643930599972,277.12332439678283,0.0,8
0.5380070262538837,0.7327643930599972,277.12332439678283,0.0,9
0.5380070262538837,0.7327643930599972,277.12332439678283,0.0,10
0.5380070262538837,0.7327643930599972,277.12332439678283,0.0,11
0.5380070262538837,0.7327643930599972,277.12332439678283,0.0,12
0.5380070262538837,0.7327643930599972,277.12332439678283,0.0,13
0.5380070262538837,0.7327643930599972,277.12332439678283,0.0,14
0.5380070262538837,0.7327643930599972,277.12332439678283,0.0,15
0.5380070262538837,0.7327643930599972,277.12332439678283,0.0,16
0.5380070262538837,0.7327643930599972,277.12332439678283,0.0,17
0.5380070262538837,0.7327643930599972,277.12332439678283,0.0,18
0.5380070262538837,0.7327643930599972,277.12332439678283,0.0,19
0.5380070262538837,0.7327643930599972,277.12332439678283,0.0,20
0.5380070262538837,0.7327643930599972,277.12332439678283,0.0,21
0.5380070262538837,0.7327643930599972,277.12332439678283,0.0,22
0.5380070262538837,0.7327643930599972,277.12332439678283,0.0,23
0.5380070262538837,0.7327643930599972,277.12332439678283,0.0,24
0.5380070262538837,0.7327643930599972,277.12332439678283,0.0,25
0.5380070262538837,0.7327643930599972,277.12332439678283,0.0,26
0.5380070262538837,0.7327643930599972,277.12332439678283,0.0,27
0.5380070262538837,0.7327643930599972,277.12332439678283,0.0,28
0.5380070262538837,0.7327643930599972,277.12332439678283,0.0,29
0.5380070262538837,0.7327643930599972,277.12332439678283,0.0,30
0.5380070262538837,0.7327643930599972,277.12332439678283,0.0,31
0.5380070262538837,0.7327643930599972,277.12332439678283,0.0,32
0.5380070262538837,0.7327643930599972,277.12332439678283,0.0,33
0.5380070262538837,0.7327643930599972,277.12332439678283,0.0,34
0.5380070262538837,0.7327643930599972,277.12332439678283,0.0,35
0.5380070262538837,0.7327643930599972,277.12332439678283,0.0,36
0.5380070262538837,0.7327643930599972,277.12332439678283,0.0,37
0.5380070262538837,0.7327643930599972,277.12332439678283,0.0,38
0.5380070262538837,0.7327643930599972,277.12332439678283,0.0,39
0.5380070262538837,0.7327643930599972,277.12332439678283,0.0,40
0.5380070262538837,0.7327643930599972,277.12332439678283,0.0,41
0.5380070262538837,0.7327643930599972,277.12332439678283,0.0,42
0.5380070262538837,0.7327643930599972,277.12332439678283,0.0,43
0.5380070262538837,0.7327643930599972,277.12332439678283,0.0,44
0.5380070262538837,0.7327643930599972,277.12332439678283,0.0,45
0.5380070262538837,0.7327643930599972,277.12332439678283,0.0,46
0.5380070262538837,0.7327643930599972,277.12332439678283,0.0,47
0.5380070262538837,0.7327643930599972,277.12332439678283,0.0,48
0.5380070262538837,0.7327643930599972,277.12332439678283,0.0,49
0.5380070262538837,0.7327643930599972,277.12332439678283,0.0,50
0.5380070262538837,0.7327643930599972,277.12332439678283,0.0,51
0.5380070262538837,0.7327643930599972,277.12332439678283,0.0,52
0.5380070262538837,0.7327643930599972,277.12332439678283,0.0,53
0.5380070262538837,0.7327643930599972,277.12332439678283,0.0,54
0.5380070262538837,0.7327643930599972,277.12332439678283,0.0,55
0.5380070262538837,0.7327643930599972,277.12332439678283,0.0,56
0.5380070262538837,0.7327643930599972,277.12332439678283,0.0,57
0.5380070262538837,0.7327643930599972,277.12332439678283,0.0,58
0.5380070262538837,0.7327643930599972,277.12332439678283,0.0,59
0.5380070262538837,0.7327643930599972,277.12332439678283,0.0,60
0.5380070262538837,0.7327643930599972,277.12332439678283,0.0,61
0.5380070262538837,0.7327643930599972,277.12332439678283,0.0,62
0.5380070262538837,0.7327643930599972,277.12332439678283,0.0,63
0.5380070262538837,0.7327643930599972,277.12332439678283,0.0,64
0.5380070262538837,0.7327643930599972,277.12332439678283,0.0,65
0.5380070262538837,0.7327643930599972,277.12332439678283,0.0,66
0.5380070262538837,0.7327643930599972,277.12332439678283,0.0,67
0.5380070262538837,0.7327643930599972,277.12332439678283,0.0,68
0.5380070262538837,0.7327643930599972,277.12332439678283,0.0,69
0.5380070262538837,0.7327643930599972,277.12332439678283,0.0,70
0.5380070262538837,0.7327643930599972,277.12332439678283,0.0,71
0.5380070262538837,0.7327643930599972,277.12332439678283,0.0,72
0.5380070262538837,0.7327643930599972,277.12332439678283,0.0,73
0.5380070262538837,0.7327643930599972,277.12332439678283,0.0,74
0.5380070262538837,0.7327643930599972,277.12332439678283,0.0,75
0.5380070262538837,0.7327643930599972,277.12332439678283,0.0,76
0.5380070262538837,0.7327643930599972,277.12332439678283,0.0,77
0.5380070262538837,0.7327643930599972,277.12332439678283,0.0,78
0.5380070262538837,0.7327643930599972,277.12332439678283,0.0,79
0.5380070262538837,0.7327643930599972,277.12332439678283,0.0,80
0.5380070262538837,0.7327643930599972,277.12332439678283,0.0,81
0.5380070262538837,0.7327643930599972,277.12332439678283,0.0,82
0.5380070262538837,0.7327643930599972,277.12332439678283,0.0,83
0.5380070262538837,0.7327643930599972,277.12332439678283,0.0,84
0.5380070262538837,0.7327643930599972,277.12332439678283,0.0,85
0.5380070262538837,0.7327643930599972,277.12332439678283,0.0,86
0.5380070262538837,0.7327643930599972,277.12332439678283,0.0,87
0.5380070262538837,0.7327643930599972,277.12332439678283,0.0,88
0.5380070262538837,0.7327643930599972,277.12332439678283,0.0,89
0.5380070262538837,0.7327643930599972,277.12332439678283,0.0,90
0.5380070262538837,0.7327643930599972,277.12332439678283,0.0,91
0.5380070262538837,0.7327643930599972,277.12332439678283,0.0,92
0.5380070262538837,0.7327643930599972,277.12332439678283,0.0,93
0.5380070262538837,0.7327643930599972,277.12332439678283,0.0,94
0.5380070262538837,0.7327643930599972,277.12332439678283,0.0,95
0.5380070262538837,0.7327643930599972,277.12332439678283,0.0,96
0.5380070262538837,0.7327643930599972,277.12332439678283,0.0,97
0.5380070262538837,0.7327643930599972,277.12332439678283,0.0,98
0.5380070262538837,0.7327643930599972,277.12332439678283,0.0,99
0.7136045840849329,0.8360190382134481,170.04825737265415,0.1,0
0.6954071595464862,0.8322341462405735,173.97319034852546,0.1,1
0.7392912756875618,0.8696642459559307,135.15817694369974,0.1,2
0.7267663218443804,0.8484802262662197,157.12600536193028,0.1,3
0.7544097254497012,0.8522004855209783,153.2680965147453,0.1,4
0.7131333946103919,0.8402486032869616,165.6621983914209,0.1,5
0.7197130197846009,0.8474926383334066,158.15013404825737,0.1,6
0.7436197126320471,0.8664817309158974,138.45844504021449,0.1,7
0.7288731416110803,0.8448918177564174,160.84718498659518,0.1,8
0.7312303481852908,0.8460035005080133,159.69436997319036,0.1,9
0.6581586458363735,0.8207346930333687,185.89812332439678,0.1,10
0.7759582941225776,0.8742092186938503,130.44504021447722,0.1,11
0.7298313231887259,0.8377796334549288,168.2225201072386,0.1,12
0.74094314520799,0.8545091662120833,150.87399463806972,0.1,13
0.742032077670047,0.8558871357623171,149.44504021447722,0.1,14
0.7368703247088462,0.8512930421586293,154.20911528150134,0.1,15
0.6949013960100023,0.8371203797301454,168.90616621983915,0.1,16
0.695046630603386,0.8320014684553557,174.21447721179624,0.1,17
0.6883362778239945,0.8112078303830652,195.7774798927614,0.1,18
0.7109249628928898,0.8481699892192627,157.44772117962466,0.1,19
0.7206160178238269,0.847309081413957,158.34048257372655,0.1,20
0.7696673682895575,0.8731389008818488,131.55495978552278,0.1,21
0.7239080689438524,0.8516291322928328,153.86058981233245,0.1,22
0.7659015003173871,0.8665799726474337,138.35656836461126,0.1,23
0.7134791494533359,0.8309880274352961,175.26541554959786,0.1,24
0.754322041970569,0.8709543150095269,133.82037533512064,0.1,25
0.7397757653685979,0.843309608816937,162.48793565683647,0.1,26
0.7288188149521755,0.8431312225149368,162.67292225201072,0.1,27
0.7429347642004976,0.8441575900786191,161.60857908847186,0.1,28
0.7880750046308188,0.8898322393168581,114.24396782841823,0.1,29
0.7441605249042672,0.8485009087360167,157.10455764075067,0.1,30
0.692110170565052,0.8434518007967922,162.34048257372655,0.1,31
0.7348296137484169,0.8444885095953734,161.26541554959786,0.1,32
0.7821283496040699,0.8714170852712377,133.34048257372655,0.1,33
0.7176174534645074,0.8344704382873881,171.65415549597856,0.1,34
0.7301603502564082,0.8389119986763219,167.04825737265415,0.1,35
0.7398012248641068,0.8480174560045086,157.6058981233244,0.1,36
0.71642918067769,0.8334027057841112,172.76139410187668,0.1,37
0.7245629535679765,0.8396617382064681,166.27077747989276,0.1,38
0.7218417572151704,0.846321493481144,159.3646112600536,0.1,39
0.7612580076450401,0.8538783508832708,151.52815013404825,0.1,40
0.7461587832491967,0.843568139689401,162.21983914209116,0.1,41
0.7360436157971434,0.8417067174076591,164.15013404825737,0.1,42
0.7294742353900625,0.8460319389039841,159.66487935656838,0.1,43
0.7198122569381552,0.852218582682051,153.24932975871315,0.1,44
0.706191726753466,0.8496203474137863,155.94369973190348,0.1,45
0.7156759334558377,0.8411224376358902,164.75603217158178,0.1,46
0.7515875452199079,0.8443825119376631,161.37533512064343,0.1,47
0.7555232221491258,0.8440929573605032,161.67560321715817,0.1,48
0.7398728065939221,0.8525753552860514,152.8793565683646,0.1,49
0.7918068382777417,0.8818617325187887,122.50938337801608,0.1,50
0.6957992081862544,0.8229115229795165,183.6407506702413,0.1,51
0.7219605051142899,0.827694344120103,178.6809651474531,0.1,52
0.7210292552059643,0.8411715585016585,164.70509383378015,0.1,53
0.7330058896214608,0.8340438623478222,172.0965147453083,0.1,54
0.7590641346714588,0.8672702500769129,137.6407506702413,0.1,55
0.7429680528196944,0.8597030514398876,145.48793565683647,0.1,56
0.7520683560435611,0.863803351077169,141.23592493297588,0.1,57
0.7380556610013803,0.8581492808963782,147.09919571045577,0.1,58
0.7301175923304791,0.8475417591991747,158.09919571045577,0.1,59
0.7121666387984471,0.8459104293939259,159.79088471849866,0.1,60
0.6935438413997443,0.8404812810721793,165.42091152815013,0.1,61
0.717062468412345,0.8538861068094445,151.5201072386059,0.1,62
0.7202712760116118,0.8269911401470007,179.4101876675603,0.1,63
0.7487213676493931,0.8665308517816656,138.40750670241286,0.1,64
0.7289470046940933,0.8658767686743312,139.0857908847185,0.1,65
0.7273856998962369,0.8455795098771718,160.13404825737265,0.1,66
0.745528772352785,0.8623116279430508,142.7828418230563,0.1,67
0.7162019720200562,0.8462335929845063,159.45576407506704,0.1,68
0.7659548138193247,0.8730458297677617,131.6514745308311,0.1,69
0.7546006584206503,0.8717661019490641,132.9785522788204,0.1,70
0.719702670493853,0.8493954255547426,156.1769436997319,0.1,71
0.7664583618498866,0.8683457385063639,136.5254691689008,0.1,72
0.7515238270286083,0.8707242225330339,134.05898123324397,0.1,73
0.7734543006353988,0.8646668441911991,140.34048257372655,0.1,74
0.7230574180415382,0.832006639072805,174.20911528150134,0.1,75
0.7086254443754002,0.8188965385301485,187.80428954423593,0.1,76
0.7660408403655706,0.8636895974932847,141.35388739946382,0.1,77
0.7068617103923641,0.8285087163683652,177.83646112600536,0.1,78
0.7403502005636604,0.8685499778956104,136.313672922252,0.1,79
0.7734216131565971,0.8785240989552766,125.97050938337802,0.1,80
0.7197665750191136,0.8391731148575106,166.7774798927614,0.1,81
0.7372776063003226,0.8503545750915846,155.1823056300268,0.1,82
0.7231266087846456,0.8479890176085377,157.6353887399464,0.1,83
0.7033629275732863,0.8392325769581774,166.71581769436997,0.1,84
0.6974913467686971,0.8458225288972883,159.88203753351206,0.1,85
0.766888080161016,0.8530510520913855,152.38605898123325,0.1,86
0.7801119517130868,0.8821254340087021,122.23592493297588,0.1,87
0.7186903548491708,0.8413887244345283,164.4798927613941,0.1,88
0.712901600333107,0.8370583323207541,168.97050938337802,0.1,89
0.7567515132148449,0.8583586909030743,146.88203753351206,0.1,90
0.6783579251867191,0.8141602529466057,192.71581769436997,0.1,91
0.7013754294636794,0.8390231669514814,166.9329758713137,0.1,92
0.701902969332012,0.827939948448944,178.42627345844505,0.1,93
0.7911080199488042,0.8786998999485525,125.78820375335121,0.1,94
0.7669679255548832,0.8741600978280821,130.4959785522788,0.1,95
0.7528908045471087,0.8479398967427696,157.686327077748,0.1,96
0.7395283681351357,0.8480820887226247,157.53887399463807,0.1,97
0.7096800729481314,0.8408354683674552,165.05361930294907,0.1,98
0.7485916788689067,0.843185513998154,162.6166219839142,0.1,99
0.8478975002651935,0.9192970028515955,83.68900804289544,0.2,0
0.8576018564779295,0.9183740476368986,84.6461126005362,0.2,1
0.8846177612903141,0.9457550523395751,56.25201072386059,0.2,2
0.8172466299132752,0.891641955424107,112.36729222520107,0.2,3
0.851303769829107,0.9082137843490579,95.1823056300268,0.2,4
0.8476877460133236,0.9129345580802533,90.28686327077747,0.2,5
0.8231161281106747,0.9010447232556277,102.61662198391421,0.2,6
0.7990143145105271,0.8936016194373851,110.33512064343164,0.2,7
0.8254904355909171,0.8879216961693479,116.22520107238606,0.2,8
0.8449958346986886,0.9074718007450859,95.95174262734585,0.2,9
0.8547569733150999,0.9170141752477373,86.05630026809652,0.2,10
0.8643192400726036,0.9321847668439327,70.32439678284182,0.2,11
0.8328331972797733,0.9065074805907947,96.95174262734585,0.2,12
0.8484530389188714,0.9113083988924539,91.97319034852546,0.2,13
0.8276424203529568,0.8957267432090402,108.1313672922252,0.2,14
0.8614620068582661,0.9205508775830465,82.3887399463807,0.2,15
0.8636857931560021,0.9208688705561774,82.05898123324397,0.2,16
0.8443603670137413,0.9073813149397235,96.0455764075067,0.2,17
0.8430065800220278,0.9073839002484483,96.04289544235925,0.2,18
0.8831234195982677,0.9418331390042941,60.31903485254692,0.2,19
0.8928851122539483,0.9383378016085792,63.943699731903486,0.2,20
0.8862989831883148,0.9275518936093753,75.12868632707774,0.2,21
0.8521586094974931,0.9121356976843389,91.11528150134048,0.2,22
0.871604289372219,0.9296511642937841,72.95174262734585,0.2,23
0.84286149617831,0.9167272059793021,86.3538873994638,0.2,24
0.8096129176962359,0.9011636474569611,102.49329758713137,0.2,25
0.8686616375037132,0.9312824940990329,71.26005361930295,0.2,26
0.8752306936121943,0.9229888237103833,79.86058981233244,0.2,27
0.8645154767798743,0.9159438574357357,87.16621983914209,0.2,28
0.8746222386687372,0.9191056900059722,83.88739946380697,0.2,29
0.856956299141999,0.9192556379120012,83.73190348525469,0.2,30
0.801113365237643,0.8844315293910822,119.84450402144772,0.2,31
0.8296199890091042,0.9225777596231655,80.28686327077747,0.2,32
0.8753517931108045,0.9289195219247106,73.71045576407506,0.2,33
0.8785247475841067,0.9215850010729031,81.31635388739946,0.2,34
0.8386484722418206,0.8959956153164028,107.85254691689008,0.2,35
0.8632313150375817,0.9195684602676828,83.40750670241287,0.2,36
0.8402027049976736,0.9184309244288408,84.58713136729223,0.2,37
0.866042712652628,0.9287282090790872,73.9088471849866,0.2,38
0.8281353366920132,0.9006155620073372,103.06166219839142,0.2,39
0.8202500163010639,0.9043797715104149,99.15817694369973,0.2,40
0.8448749267253849,0.9082887583020727,95.10455764075067,0.2,41
0.8423662377343385,0.905532819201605,97.96246648793566,0.2,42
0.8345850821926738,0.89814400686658,105.62466487935657,0.2,43
0.8482725335067653,0.9127794395567747,90.44772117962466,0.2,44
0.888364521158137,0.941005840212409,61.1769436997319,0.2,45
0.8217839396793514,0.8919418512361653,112.05630026809652,0.2,46
0.8628115780736816,0.9222520107238606,80.62466487935657,0.2,47
0.8909838001203483,0.9416625086284679,60.49597855227882,0.2,48
0.8470026421998952,0.9203130291803796,82.63538873994638,0.2,49
0.871933469860381,0.9251785802001546,77.58981233243968,0.2,50
0.8047411390081578,0.8813756944785561,123.01340482573727,0.2,51
0.8527003666646237,0.918094834294637,84.93565683646112,0.2,52
0.8215526756258976,0.9042117264433132,99.33243967828419,0.2,53
0.8329224251455625,0.9126010532547745,90.63270777479893,0.2,54
0.8333579032002606,0.8910964552832076,112.93297587131367,0.2,55
0.8131229371587396,0.8918280976522811,112.17426273458445,0.2,56
0.8363075696186993,0.9056000372284456,97.89276139410188,0.2,57
0.8170361533605973,0.8923606712495573,111.62198391420911,0.2,58
0.7639165191889398,0.8788239947673351,125.65951742627345,0.2,59
0.840226350325275,0.904992489678155,98.52278820375335,0.2,60
0.8305782102967699,0.9072779025907379,96.15281501340482,0.2,61
0.8413121429295024,0.913873025147298,89.31367292225201,0.2,62
0.8127253347065468,0.8899925284577858,114.07774798927613,0.2,63
0.8501582587706081,0.9160188313887503,87.08847184986595,0.2,64
0.878835465047326,0.929485704535407,73.12332439678285,0.2,65
0.8769367576448265,0.9288135242670004,73.82037533512064,0.2,66
0.8774521589762458,0.9254655494685898,77.29222520107238,0.2,67
0.8375594146314753,0.9258585163947353,76.88471849865952,0.2,68
0.8400262393023897,0.9022081121817161,101.41018766756032,0.2,69
0.8748161938578435,0.9390539321253047,63.20107238605898,0.2,70
0.8077535374894447,0.8765308259285782,128.03753351206436,0.2,71
0.8692348829471128,0.9321227194345412,70.3887399463807,0.2,72
0.9042680488629156,0.9446950757624724,57.35120643431635,0.2,73
0.8290059086227564,0.8989376966450449,104.80160857908847,0.2,74
0.8603550790337747,0.9251061915558647,77.66487935656836,0.2,75
0.8463758650425911,0.9202406405360896,82.71045576407506,0.2,76
0.8499377734019468,0.914082435153994,89.09651474530831,0.2,77
0.8076331835675852,0.8951683165245178,108.71045576407506,0.2,78
0.8490026685996271,0.9153001155632999,87.83378016085791,0.2,79
0.8195208418072143,0.8858560344983596,118.36729222520107,0.2,80
0.8793479558068135,0.9316340960855841,70.89544235924933,0.2,81
0.8318025235998028,0.9053802859868509,98.12064343163539,0.2,82
0.8898049089918681,0.9370942681120266,65.23324396782841,0.2,83
0.8300884298643088,0.9005457586717718,103.13404825737265,0.2,84
0.8498437557890305,0.9258068102202424,76.93833780160858,0.2,85
0.8500428222733918,0.9054681864834888,98.02949061662198,0.2,86
0.8792215518695153,0.9283843630187099,74.26541554959786,0.2,87
0.8603408431832426,0.9261635828242429,76.56836461126005,0.2,88
0.8811057959308701,0.9386661358166085,63.603217158176946,0.2,89
0.8435120808148167,0.9098037492147125,93.53351206434316,0.2,90
0.8700474188892,0.9343564261726315,68.07238605898124,0.2,91
0.8843998017618133,0.9362773105550399,66.0804289544236,0.2,92
0.8398504486549501,0.9105224650401628,92.78820375335121,0.2,93
0.8644633376010818,0.9322080346224544,70.30026809651474,0.2,94
0.8454240281426018,0.9108456286307428,92.45308310991958,0.2,95
0.8312373010755127,0.8929578775649496,111.00268096514745,0.2,96
0.8118295683375087,0.8924873513770647,111.49061662198392,0.2,97
0.8617727457142504,0.9244417672136318,78.3538873994638,0.2,98
0.8198765715924835,0.8991807156651612,104.54959785522789,0.2,99
0.9140021907332231,0.9494132641849425,52.45844504021448,0.3,0
0.8854004291909194,0.9313419561996996,71.19839142091153,0.3,1
0.9421914259908382,0.9684152833110566,32.75335120643432,0.3,2
0.9428008453738854,0.9718175495926845,29.22520107238606,0.3,3
0.9080316323275116,0.9442865969839788,57.77479892761394,0.3,4
0.8958420001157116,0.9383507281522023,63.93029490616622,0.3,5
0.9089662118740726,0.9479344675944478,53.99195710455764,0.3,6
0.907517886329502,0.950744698178133,51.07774798927614,0.3,7
0.9250268975866134,0.9577069345735921,43.85790884718499,0.3,8
0.9071989144043867,0.9465978629838082,55.37801608579088,0.3,9
0.901021888369578,0.9418072859170478,60.34584450402145,0.3,10
0.9138830922007776,0.9513419044935252,50.45844504021448,0.3,11
0.9555488062638622,0.9779240488002875,22.89276139410188,0.3,12
0.9025557370086578,0.9480456358696074,53.87667560321716,0.3,13
0.8980303705801448,0.9363316020382574,66.02412868632707,0.3,14
0.9110986227568186,0.9463445027287934,55.64075067024129,0.3,15
0.9244861852500785,0.9550880168355302,46.57372654155496,0.3,16
0.8747991581130483,0.91490456332843,88.24396782841823,0.3,17
0.9017265585798709,0.9415151460311633,60.64879356568365,0.3,18
0.9231646743671478,0.9588134467077386,42.710455764075064,0.3,19
0.8804428100979487,0.9272830215020127,75.40750670241287,0.3,20
0.9263226287056621,0.9535445875269194,48.17426273458445,0.3,21
0.9167752365975217,0.9485109914400428,53.394101876675606,0.3,22
0.8996741413173113,0.9436712935075142,58.41286863270778,0.3,23
0.8907241194953371,0.9372106070046355,65.11260053619303,0.3,24
0.9007558554818043,0.9426604377961794,59.46112600536193,0.3,25
0.9067205312010428,0.9518279425337577,49.9544235924933,0.3,26
0.9065436355066536,0.9507524541043069,51.06970509383378,0.3,27
0.9217626247037474,0.9546562702785153,47.02144772117963,0.3,28
0.9189573030265111,0.9522648597082222,49.501340482573724,0.3,29
0.939016156905476,0.9651371118482114,36.152815013404826,0.3,30
0.948190502948738,0.9690512692573184,32.09383378016086,0.3,31
0.9413904550516987,0.9673889157473738,33.81769436997319,0.3,32
0.9388118663862516,0.9657886096468209,35.47721179624665,0.3,33
0.9254915316677108,0.965289645062965,35.9946380697051,0.3,34
0.9037285617726356,0.9474768679501862,54.466487935656836,0.3,35
0.909287407896352,0.951688335862627,50.09919571045577,0.3,36
0.92700090669036,0.9616831393920906,39.734584450402146,0.3,37
0.9103272295683913,0.9557627824126619,45.8739946380697,0.3,38
0.920091063651812,0.9571976287548378,44.38605898123324,0.3,39
0.9233796680369203,0.9602095134190448,41.2627345844504,0.3,40
0.8525603421907528,0.9134826435298772,89.71849865951742,0.3,41
0.9106614515062582,0.9493538020842758,52.520107238605895,0.3,42
0.9206913101680562,0.956266917613967,45.35120643431635,0.3,43
0.9018455878582026,0.9427845326149622,59.33243967828418,0.3,44
0.9264229103741219,0.9632058862309043,38.15549597855228,0.3,45
0.9306276983529416,0.961347049257887,40.083109919571044,0.3,46
0.9098809505216316,0.9397933304205524,62.4343163538874,0.3,47
0.938527355649917,0.9646691709690512,36.638069705093834,0.3,48
0.9107464409690079,0.9465409861918661,55.43699731903485,0.3,49
0.9063017639792532,0.9475311594334037,54.41018766756032,0.3,50
0.8913344724152479,0.935390549662488,67.0,0.3,51
0.9045227398723283,0.9403724395748718,61.833780160857906,0.3,52
0.9245999298471185,0.9560290692112998,45.597855227882036,0.3,53
0.9052357688250467,0.9495916504869427,52.27345844504021,0.3,54
0.9101690271289765,0.9495502855473488,52.316353887399465,0.3,55
0.9309251600682726,0.9634333933986727,37.919571045576404,0.3,56
0.8925467281408587,0.9378827872730421,64.41554959785523,0.3,57
0.903882677630502,0.9469468796616348,55.016085790884716,0.3,58
0.9156464732440663,0.9443589856282687,57.69973190348526,0.3,59
0.9578208196900487,0.9749095788273557,26.01876675603217,0.3,60
0.9070519286634429,0.9495606267822472,52.30563002680965,0.3,61
0.9175487975383625,0.9389892994071888,63.26809651474531,0.3,62
0.9085837856050213,0.9432317910243251,58.8686327077748,0.3,63
0.9044590985940771,0.9380896119710136,64.20107238605898,0.3,64
0.9171067754510898,0.94838689662126,53.52278820375335,0.3,65
0.9274138436943016,0.96010093045261,41.375335120643435,0.3,66
0.9160105765081198,0.9535833671577892,48.134048257372655,0.3,67
0.8910688780621718,0.9392374890447542,63.01072386058981,0.3,68
0.9238942004423746,0.9623863433651929,39.0053619302949,0.3,69
0.9322191406182331,0.9633299810496871,38.02680965147453,0.3,70
0.8970774000047212,0.9451345782456612,56.89544235924933,0.3,71
0.9134101608975852,0.9439815305544711,58.0911528150134,0.3,72
0.9500383607550931,0.9762591099816186,24.619302949061662,0.3,73
0.9239366242504595,0.9560290692112998,45.597855227882036,0.3,74
0.9236514540792962,0.9609902766538866,40.45308310991957,0.3,75
0.9243183737432553,0.9553206946207482,46.33243967828418,0.3,76
0.8932963527043016,0.938684232977681,63.584450402144775,0.3,77
0.9604546291077699,0.9809747130953643,19.72922252010724,0.3,78
0.89931738017139,0.9407162856352491,61.47721179624665,0.3,79
0.9387617240299428,0.9654912991434872,35.78552278820376,0.3,80
0.9292932137771954,0.9623372224994248,39.056300268096514,0.3,81
0.9100179303676825,0.9501888568023351,51.65415549597855,0.3,82
0.9160265543902141,0.9388341808837102,63.428954423592494,0.3,83
0.8739084640828453,0.9287256237703625,73.91152815013405,0.3,84
0.9218595444348062,0.9547209029966313,46.9544235924933,0.3,85
0.9247516411816722,0.9592968994392466,42.20911528150134,0.3,86
0.9549161675064252,0.9752508395790083,25.664879356568363,0.3,87
0.87484200039066,0.9296330671327117,72.97050938337802,0.3,88
0.9146966817253381,0.9490177119500726,52.8686327077748,0.3,89
0.8938785542041052,0.9333145467566009,69.15281501340482,0.3,90
0.9045101535427573,0.9405870201990172,61.611260053619304,0.3,91
0.9187115637874871,0.9514091225203658,50.388739946380696,0.3,92
0.9360771058095153,0.9608196462780603,40.630026809651476,0.3,93
0.9199904744806164,0.9580740484124912,43.47721179624665,0.3,94
0.9383135110408856,0.9658067068078934,35.45844504021448,0.3,95
0.9135647559671557,0.953598879010137,48.11796246648794,0.3,96
0.9311312084550913,0.9585704276876224,42.96246648793566,0.3,97
0.9156625732005955,0.9561092137817637,45.51474530831099,0.3,98
0.910228394404433,0.9482266074803323,53.689008042895445,0.3,99
0.946506895859955,0.9709023503041615,30.17426273458445,0.4,0
0.9583072303881479,0.9764969583842854,24.37265415549598,0.4,1
0.9788490793684933,0.9892554569403905,11.142091152815013,0.4,2
0.9371867842928863,0.9639607963784996,37.37265415549598,0.4,3
0.9635434309509265,0.9808997391423496,19.80697050938338,0.4,4
0.9637930426672977,0.9792994330417968,21.466487935656836,0.4,5
0.9649844265090527,0.9810471017396543,19.654155495978554,0.4,6
0.941129317229782,0.9612720753048725,40.160857908847184,0.4,7
0.9645588846636646,0.9777146387935916,23.109919571045577,0.4,8
0.9413042132499277,0.9662462092910825,35.002680965147455,0.4,9
0.9417014325723813,0.9635859266134267,37.761394101876675,0.4,10
0.9776053028855243,0.9897621774504203,10.616621983914209,0.4,11
0.949276176125893,0.9706127957270018,30.474530831099194,0.4,12
0.9517200957950485,0.9717167225524237,29.32975871313673,0.4,13
0.9527688909200556,0.9718485732973803,29.19302949061662,0.4,14
0.9461821057472564,0.9669907782037792,34.23056300268097,0.4,15
0.9347586816943525,0.9582369228621437,43.30831099195711,0.4,16
0.9770702432467768,0.9880041675176641,12.439678284182305,0.4,17
0.9499434659636143,0.9696407196465366,31.482573726541556,0.4,18
0.9692612031474928,0.9839710859072237,16.621983914209114,0.4,19
0.9478541047377943,0.970726549310886,30.35656836461126,0.4,20
0.9616949581636518,0.9802637531960879,20.466487935656836,0.4,21
0.9622017900492799,0.9773165012499968,23.52278820375335,0.4,22
0.9581416815780538,0.9723708056597579,28.6514745308311,0.4,23
0.9655056845006337,0.9838340645448176,16.76407506702413,0.4,24
0.9281463111308803,0.9587358874459994,42.79088471849866,0.4,25
0.9582365831621811,0.9794907458874201,21.26809651474531,0.4,26
0.9693269707739176,0.9852921786655153,15.25201072386059,0.4,27
0.9697061640646945,0.9859488470815743,14.571045576407506,0.4,28
0.9475561973682517,0.9696562314988844,31.466487935656836,0.4,29
0.9549656844225404,0.9772596244580547,23.58176943699732,0.4,30
0.9618942176374636,0.975822192807154,25.072386058981234,0.4,31
0.9712424277377666,0.9875052029338083,12.95710455764075,0.4,32
0.9576669309582155,0.9748087517870947,26.12332439678284,0.4,33
0.951105073597647,0.9688599564116948,32.292225201072384,0.4,34
0.962669687331773,0.9776862003976204,23.13941018766756,0.4,35
0.9708077371926999,0.983867673558238,16.72922252010724,0.4,36
0.9512901763181788,0.9720166183644819,29.01876675603217,0.4,37
0.9707957441248878,0.9811530993973645,19.544235924932977,0.4,38
0.9549501315546602,0.9744571498005433,26.487935656836463,0.4,39
0.9563476795123649,0.9731438129684256,27.84986595174263,0.4,40
0.9694059364414809,0.9868562904439234,13.630026809651474,0.4,41
0.9504356896322785,0.9728361612301933,28.168900804289546,0.4,42
0.9433471095058958,0.9677379324252005,33.45576407506702,0.4,43
0.9713871835555429,0.9847466785246161,15.817694369973191,0.4,44
0.9664498703199162,0.983319588108614,17.297587131367294,0.4,45
0.9608248101965939,0.978208432759998,22.597855227882036,0.4,46
0.9556341179936199,0.9721665662705112,28.863270777479894,0.4,47
0.9493899189171184,0.971440094518887,29.61662198391421,0.4,48
0.9608989768004128,0.9762074038071257,24.672922252010725,0.4,49
0.9513511238754654,0.9744261260958478,26.5201072386059,0.4,50
0.9604702076449528,0.9787694447532451,22.01608579088472,0.4,51
0.9436945141646297,0.9629395994322661,38.43163538873995,0.4,52
0.9891859593119642,0.9950853281144567,5.096514745308311,0.4,53
0.9423760952747322,0.9681205581164475,33.05898123324397,0.4,54
0.9650523967763679,0.9831463724240631,17.47721179624665,0.4,55
0.9632770593307254,0.9804266276457403,20.297587131367294,0.4,56
0.9704316092142979,0.9838986972629337,16.697050938337803,0.4,57
0.9386419249684835,0.9673139417943595,33.89544235924933,0.4,58
0.9517406193243231,0.9750646973508342,25.857908847184987,0.4,59
0.9581026864338424,0.9775724468137362,23.257372654155496,0.4,60
0.9627963679689541,0.9792994330417967,21.466487935656836,0.4,61
0.9574539696766265,0.975930775773589,24.959785522788202,0.4,62
0.9704653772577945,0.9836970431824115,16.906166219839143,0.4,63
0.9524164699523818,0.9721794928141344,28.84986595174263,0.4,64
0.9700176672493607,0.9855662213903273,14.967828418230564,0.4,65
0.9392245332542012,0.9664013278145609,34.84182305630027,0.4,66
0.948824908669268,0.9663263538615464,34.919571045576404,0.4,67
0.9596231525229412,0.9802818503571604,20.447721179624665,0.4,68
0.9622436144483935,0.9817503057127566,18.924932975871315,0.4,69
0.9595134923881338,0.975612782800458,25.289544235924932,0.4,70
0.9529432639096536,0.9724069999819027,28.613941018766756,0.4,71
0.9583279146527574,0.9771329443305472,23.71313672922252,0.4,72
0.9751322670548971,0.9870346767459236,13.445040214477212,0.4,73
0.9527837886209669,0.9767192949346046,24.142091152815013,0.4,74
0.943071931417109,0.9678439300829108,33.34584450402145,0.4,75
0.9469050701183241,0.9738340903979048,27.134048257372655,0.4,76
0.9522064688629869,0.9761350151628356,24.74798927613941,0.4,77
0.9588051907253107,0.977192406431214,23.6514745308311,0.4,78
0.9569249863199899,0.9794286984780287,21.33243967828418,0.4,79
0.9610649527202615,0.9796768881155943,21.075067024128685,0.4,80
0.9722027882097768,0.9856205128735447,14.911528150134048,0.4,81
0.9380809719703054,0.9649613108549359,36.33512064343164,0.4,82
0.9387991040939678,0.9660057755796908,35.25201072386059,0.4,83
0.9527790371269008,0.9703956297941319,30.699731903485254,0.4,84
0.9482008872386994,0.969190875928449,31.949061662198392,0.4,85
0.9631459082592202,0.979470063417623,21.289544235924932,0.4,86
0.9557256633970587,0.9741184743576153,26.839142091152816,0.4,87
0.9751814278801063,0.9865279562358938,13.970509383378015,0.4,88
0.9623861817409536,0.9796717174981451,21.080428954423592,0.4,89
0.9473892462143579,0.967763785512447,33.428954423592494,0.4,90
0.9632445253643108,0.9825439954912215,18.10187667560322,0.4,91
0.9814290340890323,0.9910884408261613,9.241286863270778,0.4,92
0.9740167070810946,0.9841417162830499,16.445040214477213,0.4,93
0.9573635681401564,0.9782782360955633,22.525469168900806,0.4,94
0.9640611019218013,0.981892497692612,18.777479892761395,0.4,95
0.9613595854337184,0.9783325275787808,22.469168900804288,0.4,96
0.9531701102945751,0.9731825925992953,27.80965147453083,0.4,97
0.9482915178080801,0.9698087647136383,31.308310991957104,0.4,98
0.9510544237747803,0.9707291346196105,30.353887399463808,0.4,99
0.9744542707521798,0.9840719129474845,16.517426273458444,0.5,0
0.978076557876794,0.9847337519809928,15.831099195710456,0.5,1
0.9836232088074157,0.9921871970341338,8.101876675603217,0.5,2
0.9856863781629588,0.9931747849669468,7.07774798927614,0.5,3
0.992519827811516,0.996618416188169,3.506702412868633,0.5,4
0.9831484102360734,0.9887254686518391,11.691689008042895,0.5,5
0.9623105640946714,0.9783764778270997,22.423592493297587,0.5,6
0.9879577290829781,0.9935910196716141,6.646112600536193,0.5,7
0.9713572239895605,0.9835186568804113,17.091152815013405,0.5,8
0.9816883096578474,0.9907575213094072,9.584450402144773,0.5,9
0.9610498423232677,0.976341839860807,24.533512064343164,0.5,10
0.9829415051136221,0.9918640334435537,8.436997319034852,0.5,11
0.979939969104055,0.9876835892358086,12.772117962466488,0.5,12
0.9901810910323346,0.9955868780070373,4.576407506702413,0.5,13
0.9878003549632425,0.9932006380541932,7.050938337801608,0.5,14
0.9844886573689776,0.9930662020005119,7.190348525469169,0.5,15
0.9764701486002555,0.9860134797996903,14.504021447721179,0.5,16
0.981759210098013,0.9910134668731467,9.319034852546917,0.5,17
0.9796180181564873,0.9887875160612305,11.627345844504022,0.5,18
0.9891172505889184,0.9949250389735289,5.262734584450402,0.5,19
0.9828237715127682,0.990700644517465,9.64343163538874,0.5,20
0.9893712608183777,0.9951551314500222,5.024128686327078,0.5,21
0.9764186278734108,0.9855274417594577,15.00804289544236,0.5,22
0.9808956047376836,0.99142194565164,8.89544235924933,0.5,23
0.9873130503249593,0.994139105121238,6.07774798927614,0.5,24
0.9721188203309183,0.9842890788803544,16.292225201072387,0.5,25
0.9876438179558712,0.9936944320205998,6.538873994638069,0.5,26
0.9848073972473553,0.9925181165508878,7.758713136729223,0.5,27
0.9789581367335557,0.9897673480678696,10.611260053619302,0.5,28
0.98473035844928,0.9919519339401915,8.345844504021448,0.5,29
0.9592262797049378,0.9755093704514726,25.396782841823057,0.5,30
0.9716150819638864,0.9846380955581812,15.93029490616622,0.5,31
0.9783051438711914,0.9874819351552866,12.981233243967829,0.5,32
0.9828140371080221,0.9917916447992638,8.512064343163539,0.5,33
0.9932293835695482,0.9970139684230392,3.096514745308311,0.5,34
0.9753678572321187,0.9886065444505057,11.815013404825738,0.5,35
0.989510597460296,0.9955998045506603,4.563002680965147,0.5,36
0.982895804002081,0.9913521423160747,8.967828418230564,0.5,37
0.9785394500413493,0.9887280539605636,11.689008042895443,0.5,38
0.9764641244715964,0.9878231959069392,12.627345844504022,0.5,39
0.9829893582276401,0.991010881564422,9.32171581769437,0.5,40
0.9860584757244537,0.9931877115105701,7.064343163538874,0.5,41
0.9773884653486777,0.9860134797996903,14.504021447721179,0.5,42
0.9643435676083391,0.9799457602229571,20.796246648793566,0.5,43
0.9706781124541449,0.9835832895985274,17.024128686327078,0.5,44
0.9877417368141783,0.9942864677185426,5.924932975871314,0.5,45
0.9925083078074652,0.9968510939733868,3.265415549597855,0.5,46
0.9906299316098213,0.9951939110808917,4.983914209115282,0.5,47
0.9903752947346646,0.9950181100876161,5.166219839142091,0.5,48
0.9707922471841208,0.9848449202561523,15.715817694369973,0.5,49
0.9795227462979396,0.9891029237256366,11.300268096514746,0.5,50
0.981371284216722,0.9912099503362194,9.115281501340483,0.5,51
0.9918046080227141,0.9967761200203722,3.3431635388739944,0.5,52
0.9595888092511071,0.9788857836458541,21.89544235924933,0.5,53
0.9874398164050362,0.9938211121481072,6.407506702412869,0.5,54
0.985821559622078,0.9927352824837578,7.533512064343164,0.5,55
0.9776739008991034,0.9876835892358086,12.772117962466488,0.5,56
0.9887329773273824,0.9942683705574702,5.943699731903485,0.5,57
0.9691820617169127,0.9819157654711337,18.753351206434317,0.5,58
0.9896232589884707,0.9938004296783101,6.428954423592494,0.5,59
0.9789866398156254,0.9878568049203595,12.592493297587131,0.5,60
0.9617194001531669,0.9768589016057353,23.99731903485255,0.5,61
0.9807078815728875,0.9891546299001295,11.246648793565683,0.5,62
0.9820460775157656,0.9916856471415534,8.621983914209116,0.5,63
0.9860761490358095,0.9937228704165708,6.509383378016086,0.5,64
0.9716545452410726,0.9829990098267585,17.630026809651476,0.5,65
0.9648622375865993,0.977748247807012,23.075067024128685,0.5,66
0.9815086979134682,0.989309748423608,11.085790884718499,0.5,67
0.9866596660199262,0.9918019860341624,8.501340482573726,0.5,68
0.9835366898144837,0.9901241206718701,10.241286863270778,0.5,69
0.9627768852941044,0.9793459685988402,21.41823056300268,0.5,70
0.9959166956892331,0.9983014521679106,1.7613941018766757,0.5,71
0.98388481830482,0.9891908242222746,11.20911528150134,0.5,72
0.9867259157820688,0.992965374960251,7.294906166219839,0.5,73
0.97232066644623,0.9849716003836597,15.584450402144773,0.5,74
0.988160763754199,0.995155131450022,5.024128686327078,0.5,75
0.9764211501872356,0.9869700440278076,13.512064343163539,0.5,76
0.981037662155972,0.9877508072626492,12.702412868632708,0.5,77
0.9670315660135393,0.9797208383639132,21.029490616621985,0.5,78
0.982753034880208,0.9890382910075206,11.367292225201073,0.5,79
0.9793455027511497,0.9900155377054352,10.353887399463806,0.5,80
0.9749646034826809,0.9868821435311697,13.603217158176944,0.5,81
0.9677901165979231,0.9807394500014219,19.97319034852547,0.5,82
0.9827330228244282,0.9896897888061303,10.691689008042895,0.5,83
0.9758788768313449,0.9873035488532863,13.16621983914209,0.5,84
0.9833401565380979,0.9910212227993206,9.310991957104557,0.5,85
0.9784255460365501,0.9891261915041585,11.276139410187668,0.5,86
0.9661879563392992,0.9823837063502938,18.26809651474531,0.5,87
0.9794738325622131,0.9855739773165012,14.959785522788204,0.5,88
0.9753268669020688,0.9871225772425615,13.353887399463806,0.5,89
0.9764760996554244,0.9873113047794602,13.158176943699733,0.5,90
0.9862145235639399,0.9933480006514976,6.898123324396783,0.5,91
0.99570943211546,0.9978852174632434,2.193029490616622,0.5,92
0.9870169640017894,0.9935832637454403,6.654155495978553,0.5,93
0.9779617585460629,0.9881049945579252,12.335120643431635,0.5,94
0.9458769362892285,0.9707006962236395,30.38337801608579,0.5,95
0.9953042368431162,0.9971820134901409,2.9222520107238608,0.5,96
0.9777195538549074,0.9869054113096916,13.579088471849866,0.5,97
0.9860956629202088,0.9914839930610313,8.831099195710456,0.5,98
0.9891688290073937,0.9951034252755293,5.07774798927614,0.5,99
0.9923857231654566,0.9963934943291253,3.739946380697051,0.6,0
0.9954049374319961,0.9976344425169532,2.453083109919571,0.6,1
0.9857015426694669,0.9916235997321621,8.68632707774799,0.6,2
0.9989158863380223,0.9995708387517095,0.4450402144772118,0.6,3
0.9930560275039167,0.9970294802753871,3.0804289544235925,0.6,4
0.9870562505876914,0.993743552886368,6.487935656836461,0.6,5
0.9900061827223996,0.9946173872352968,5.581769436997319,0.6,6
0.9916830812753373,0.9944751952554414,5.729222520107238,0.6,7
0.9942651820219532,0.997528444859243,2.5630026809651474,0.6,8
0.9828415888231269,0.9910858555174367,9.243967828418231,0.6,9
0.9950103800931877,0.9975982481948081,2.4906166219839143,0.6,10
0.9934779596043931,0.9967140726109809,3.4075067024128685,0.6,11
0.993007491962844,0.9966210014968937,3.5040214477211795,0.6,12
0.9954106658244324,0.9980713596914176,2.0,0.6,13
0.9883234264500268,0.9935729225105416,6.664879356568365,0.6,14
0.9988118529797421,0.9995346444295646,0.48257372654155495,0.6,15
0.9995347883971724,0.999826784315449,0.17962466487935658,0.6,16
0.9996639228943315,0.9998733198724925,0.13136729222520108,0.6,17
0.9889493708565026,0.9935082897924257,6.7319034852546915,0.6,18
0.988752653990836,0.9949586479869494,5.227882037533512,0.6,19
0.9939785538986952,0.9967657787854737,3.3538873994638068,0.6,20
0.984816670206674,0.990938492920132,9.396782841823056,0.6,21
0.9942831132748211,0.997303523000199,2.7962466487935655,0.6,22
0.9985921864359986,0.9994079643020573,0.613941018766756,0.6,23
0.995739287257134,0.9977042458525185,2.3806970509383376,0.6,24
0.9935948730904427,0.9970398215102856,3.06970509383378,0.6,25
0.9970320330180651,0.9987306134162011,1.3163538873994638,0.6,26
0.9934342987903879,0.996972603483445,3.1394101876675604,0.6,27
0.9954911940154001,0.9979886298122291,2.0857908847184987,0.6,28
0.9934646199047582,0.996799387798894,3.319034852546917,0.6,29
0.989203329936237,0.9943381738930354,5.871313672922252,0.6,30
0.9958469733873214,0.9975620538726633,2.5281501340482575,0.6,31
0.9919759294009479,0.9964710535908645,3.6595174262734584,0.6,32
0.991058496577372,0.9958738472754725,4.278820375335121,0.6,33
0.9941503613583389,0.9976241012820546,2.4638069705093835,0.6,34
0.9897872868204325,0.9949974276178191,5.1876675603217155,0.6,35
0.9885868256194451,0.9945656810608039,5.6353887399463805,0.6,36
0.9943842590756982,0.9977275136310402,2.35656836461126,0.6,37
0.9972900770876328,0.9989219262618245,1.1179624664879357,0.6,38
0.9896672637068457,0.9941235932688902,6.093833780160858,0.6,39
0.993406237250056,0.9972880111478512,2.812332439678284,0.6,40
0.9994039914632429,0.9997750781409561,0.23324396782841822,0.6,41
0.9903029628099123,0.9954860509667762,4.680965147453083,0.6,42
0.9877762713869334,0.9934514130004835,6.79088471849866,0.6,43
0.9959500903922021,0.9975362007854168,2.5549597855227884,0.6,44
0.993987016900751,0.9974095206579094,2.6863270777479893,0.6,45
0.9967268071113495,0.9982032104363743,1.8632707774798927,0.6,46
0.9971757442489967,0.9988340257651868,1.2091152815013404,0.6,47
0.9932822894082428,0.9960522335774726,4.093833780160858,0.6,48
0.9968613738661676,0.9987228574900272,1.324396782841823,0.6,49
0.9988244496256649,0.9995475709731878,0.4691689008042895,0.6,50
0.9946486229439588,0.9978981440068666,2.1796246648793565,0.6,51
0.9938888946638972,0.9969907006445174,3.1206434316353886,0.6,52
0.9891351115799829,0.994304564879615,5.906166219839142,0.6,53
0.9967548981450285,0.9987202721813027,1.3270777479892761,0.6,54
0.9931135670171791,0.9964219327250964,3.710455764075067,0.6,55
0.995196043886274,0.9980817009263162,1.9892761394101877,0.6,56
0.9954537343345276,0.9979782885773304,2.096514745308311,0.6,57
0.995813042686778,0.9981721867316785,1.8954423592493297,0.6,58
0.9819288609128056,0.9914297015778138,8.88739946380697,0.6,59
0.9894797785063696,0.9956385841815301,4.522788203753351,0.6,60
0.9911146312165868,0.996194425557328,3.9463806970509383,0.6,61
0.9978979180980498,0.9991287509597957,0.903485254691689,0.6,62
0.9933056317815834,0.9967761200203722,3.3431635388739944,0.6,63
0.995749702930731,0.9980222388256493,2.0509383378016084,0.6,64
0.9861574664701075,0.9917942301079883,8.509383378016086,0.6,65
0.9937699852821475,0.9967838759465462,3.3351206434316354,0.6,66
0.9904014818236306,0.9951835698459932,4.994638069705094,0.6,67
0.9939837462239405,0.9964219327250964,3.710455764075067,0.6,68
0.9842242889657681,0.9927042587790621,7.565683646112601,0.6,69
0.9963821585312573,0.9983557436511281,1.7050938337801609,0.6,70
0.9995567780795491,0.9998293696241737,0.1769436997319035,0.6,71
0.9951293211009429,0.9973578144834165,2.739946380697051,0.6,72
0.993811907741472,0.9970398215102856,3.06970509383378,0.6,73
0.9924671248349256,0.9966390986579663,3.485254691689008,0.6,74
0.9965378901094497,0.9985780802014472,1.4745308310991958,0.6,75
0.9983872891618393,0.9993924524497093,0.6300268096514745,0.6,76
0.9961099963992994,0.99762151597333,2.4664879356568363,0.6,77
0.9954188851846087,0.9980222388256494,2.0509383378016084,0.6,78
0.9987125134186898,0.9994312320805789,0.5898123324396782,0.6,79
0.9913357284950739,0.9956230723291821,4.538873994638069,0.6,80
0.9915507079512873,0.9958635060405738,4.289544235924933,0.6,81
0.9975171955754819,0.9987331987249258,1.3136729222520107,0.6,82
0.9942607618120278,0.9971406485505466,2.96514745308311,0.6,83
0.9923905950055564,0.9957833614701099,4.372654155495979,0.6,84
0.9839756236229892,0.9921225643160179,8.168900804289544,0.6,85
0.9942722740698406,0.9975103476981704,2.581769436997319,0.6,86
0.995355672782622,0.9979653620337072,2.1099195710455763,0.6,87
0.9978818928285511,0.9991468481208684,0.8847184986595175,0.6,88
0.9931193569897445,0.9968821176780824,3.233243967828418,0.6,89
0.9911047089462597,0.9962383758056468,3.900804289544236,0.6,90
0.9847438937616904,0.9909255663765089,9.410187667560322,0.6,91
0.9932331754907949,0.9965511981613284,3.576407506702413,0.6,92
0.9977680643739456,0.9990667035504046,0.967828418230563,0.6,93
0.9959302907967491,0.9982213075974468,1.844504021447721,0.6,94
0.990509613592599,0.9953024940473266,4.871313672922252,0.6,95
0.9924244915286478,0.9964658829734153,3.6648793565683646,0.6,96
0.9967536947888719,0.997960191416258,2.1152815013404824,0.6,97
0.9969105782671408,0.9987331987249257,1.3136729222520107,0.6,98
0.9929351739645832,0.996331446919734,3.804289544235925,0.6,99
0.9983288796170228,0.9992450898524048,0.7828418230563002,0.7,0
0.9995278675454825,0.9998216136979997,0.18498659517426275,0.7,1
0.9983199313343138,0.9993226491141439,0.7024128686327078,0.7,2
0.9974637809101674,0.9990072414497377,1.029490616621984,0.7,3
0.997651148675803,0.9988831466309549,1.158176943699732,0.7,4
0.9974956656022763,0.999012412067187,1.0241286863270778,0.7,5
0.9984287866153341,0.9993743552886367,0.6487935656836461,0.7,6
0.988252091921241,0.9931023963226568,7.152815013404826,0.7,7
0.9993982680587081,0.9997724928322317,0.2359249329758713,0.7,8
0.9997477635523435,0.9999069288859129,0.09651474530831099,0.7,9
0.9960823943452457,0.9983712555034759,1.6890080428954424,0.7,10
0.9998253005167075,0.9999327819731594,0.06970509383378017,0.7,11
0.993760201982737,0.9956230723291822,4.538873994638069,0.7,12
0.9976110014711246,0.9989348528054478,1.1045576407506703,0.7,13
0.9989589184325086,0.9995811799866081,0.4343163538873995,0.7,14
0.9969829513716277,0.9984384735303167,1.6193029490616622,0.7,15
0.9993910878317815,0.9997440544362606,0.26541554959785524,0.7,16
0.9972283219400191,0.9989607058926941,1.0777479892761395,0.7,17
0.9979958493466853,0.9989426087316216,1.096514745308311,0.7,18
0.9988057717701329,0.9995217178859414,0.4959785522788204,0.7,19
0.9999150521518201,0.9999689762953043,0.032171581769437,0.7,20
0.9976398815845543,0.9987823195906939,1.262734584450402,0.7,21
0.9983271727401312,0.9993485022013904,0.675603217158177,0.7,22
0.9952029047224568,0.9979938004296784,2.0804289544235925,0.7,23
0.9994149849382714,0.9997776634496809,0.23056300268096513,0.7,24
0.9980313032234993,0.9992011396040859,0.8284182305630027,0.7,25
0.9991314346413336,0.9996716657919705,0.34048257372654156,0.7,26
0.9990202712364229,0.9996303008523763,0.38337801608579086,0.7,27
0.9986400851261714,0.9993123078792453,0.7131367292225201,0.7,28
0.999681471782726,0.9998810757986665,0.12332439678284182,0.7,29
0.9959848797111722,0.9979989710471275,2.0750670241286864,0.7,30
0.9997885989095947,0.9999224407382608,0.08042895442359249,0.7,31
0.9996451821271516,0.9998681492550433,0.13672922252010725,0.7,32
0.996032368914793,0.9983428171075047,1.7184986595174263,0.7,33
0.9968106852230894,0.9980196535169247,2.0536193029490617,0.7,34
0.9959314699609132,0.9982368194497947,1.8284182305630028,0.7,35
0.9983246962816464,0.9991856277517379,0.8445040214477212,0.7,36
0.9999928316439908,0.9999974146912753,0.002680965147453083,0.7,37
0.998528929525365,0.99931489318797,0.710455764075067,0.7,38
0.9992369695600636,0.9997001041879416,0.3109919571045576,0.7,39
0.9975484757955838,0.9987125162551287,1.3351206434316354,0.7,40
0.998768390852177,0.9995036207248689,0.514745308310992,0.7,41
0.9994299523971368,0.9997750781409561,0.23324396782841822,0.7,42
0.9997533003213839,0.9999069288859128,0.09651474530831099,0.7,43
0.9989385278315928,0.9995760093691588,0.43967828418230565,0.7,44
0.9971787433065846,0.9987151015638532,1.3324396782841823,0.7,45
0.9995979281994368,0.9998474667852462,0.1581769436997319,0.7,46
0.9988555256828293,0.9995139619597674,0.5040214477211796,0.7,47
0.9991684911648697,0.9996845923355938,0.32707774798927614,0.7,48
0.996560231914217,0.9984384735303167,1.6193029490616622,0.7,49
0.9977677850772437,0.9990822154027523,0.9517426273458445,0.7,50
0.9962275146278337,0.9983919379732731,1.6675603217158177,0.7,51
0.9960098270308875,0.9982600872283164,1.804289544235925,0.7,52
0.9979712462141035,0.9989865589799406,1.0509383378016086,0.7,53
0.9994406958709694,0.9997569809798837,0.2520107238605898,0.7,54
0.9918825656917541,0.9950956693493552,5.085790884718499,0.7,55
0.9998250104984763,0.999935367281884,0.06702412868632708,0.7,56
0.9996979238412953,0.9998836611073911,0.12064343163538874,0.7,57
0.9976766313295746,0.9987538811947229,1.292225201072386,0.7,58
0.9998949897287699,0.9999612203691305,0.040214477211796246,0.7,59
0.9945960467829114,0.9970915276847784,3.0160857908847185,0.7,60
0.9993599239976787,0.9997569809798836,0.2520107238605898,0.7,61
0.9963598904524851,0.9984126204430702,1.646112600536193,0.7,62
0.9996359271631311,0.99985522271142,0.15013404825737264,0.7,63
0.996878141555689,0.9986349569933894,1.415549597855228,0.7,64
0.9998653909172441,0.9999508791342318,0.05093833780160858,0.7,65
0.9989419208668119,0.9995915212215066,0.42359249329758714,0.7,66
0.9979168897062352,0.9991727012081147,0.8579088471849866,0.7,67
0.9996412076600647,0.9998681492550433,0.13672922252010725,0.7,68
0.9994639617598737,0.9997931753020287,0.21447721179624665,0.7,69
0.9999645374980497,0.9999870734563768,0.013404825737265416,0.7,70
0.9976405819400278,0.998810757986665,1.2332439678284182,0.7,71
0.9993911255710479,0.9997673222147823,0.24128686327077747,0.7,72
0.997833304431408,0.9990227533020855,1.0134048257372654,0.7,73
0.997392011110229,0.9988831466309549,1.158176943699732,0.7,74
0.9976935708044683,0.9990873860202016,0.9463806970509383,0.7,75
0.9982268249604751,0.9989451940403463,1.093833780160858,0.7,76
0.9894695618143955,0.9923991923495545,7.882037533512064,0.7,77
0.998602394751616,0.9994389880067528,0.5817694369973191,0.7,78
0.9966451658569021,0.9983764261209253,1.6836461126005362,0.7,79
0.9996044588089752,0.9998526374026955,0.15281501340482573,0.7,80
0.9990006496255633,0.9996173743087531,0.3967828418230563,0.7,81
0.9970264138805693,0.9986763219329836,1.3726541554959786,0.7,82
0.9990437172949392,0.9994829382550716,0.5361930294906166,0.7,83
0.9935358973481804,0.9967683640941983,3.351206434316354,0.7,84
0.9968517528319751,0.998593592053795,1.4584450402144773,0.7,85
0.9966052249905708,0.9985573977316501,1.4959785522788205,0.7,86
0.9987732123472005,0.9994234761544051,0.5978552278820375,0.7,87
0.9994731576999879,0.9997957606107533,0.21179624664879357,0.7,88
0.9974860831923541,0.9987151015638532,1.3324396782841823,0.7,89
0.9994459624998324,0.9997931753020287,0.21447721179624665,0.7,90
0.9977780161446357,0.9991080684899988,0.9249329758713136,0.7,91
0.9933795604909552,0.9968485086646621,3.2680965147453085,0.7,92
0.9996506188637134,0.9998655639463186,0.13941018766756033,0.7,93
0.998761885414787,0.9995372297382892,0.47989276139410186,0.7,94
0.9998442873777995,0.9999405378993332,0.06166219839142091,0.7,95
0.9976073941453786,0.9989089997182014,1.1313672922252012,0.7,96
0.9973369929434093,0.9986789072417083,1.3699731903485255,0.7,97
0.9946092816957834,0.997210451886112,2.8927613941018766,0.7,98
0.9987302815586834,0.9994855235637964,0.5335120643431636,0.7,99
1.0,1.0,0.0,0.8,0
1.0,1.0,0.0,0.8,1
1.0,1.0,0.0,0.8,2
0.9997409498155109,0.9999043435771883,0.09919571045576407,0.8,3
0.9997676945700595,0.9999095141946375,0.0938337801608579,0.8,4
1.0,1.0,0.0,0.8,5
0.9999645374980496,0.9999870734563767,0.013404825737265416,0.8,6
1.0,0.9999999999999999,0.0,0.8,7
0.9995062193478786,0.9998138577718259,0.19302949061662197,0.8,8
1.0,1.0,0.0,0.8,9
1.0,1.0,0.0,0.8,10
1.0,1.0,0.0,0.8,11
0.9999928316439908,0.9999974146912753,0.002680965147453083,0.8,12
0.996454134468062,0.9982238929061713,1.841823056300268,0.8,13
1.0,1.0,0.0,0.8,14
0.9998312216147124,0.9999379525906086,0.064343163538874,0.8,15
0.9993318598397417,0.9997466397449852,0.26273458445040215,0.8,16
1.0,1.0,0.0,0.8,17
0.9999786093206321,0.999992244073826,0.00804289544235925,0.8,18
0.9999928316439908,0.9999974146912753,0.002680965147453083,0.8,19
0.9989291412333884,0.9995708387517095,0.4450402144772118,0.8,20
0.999533472799203,0.9998164430805504,0.1903485254691689,0.8,21
0.9996446162478958,0.9998526374026955,0.15281501340482573,0.8,22
1.0,1.0,0.0,0.8,23
1.0,1.0,0.0,0.8,24
1.0,1.0,0.0,0.8,25
1.0,1.0,0.0,0.8,26
0.9998118472784251,0.9999276113557101,0.07506702412868632,0.8,27
0.9992744482018013,0.9997130307315648,0.2975871313672922,0.8,28
0.9980533233650232,0.999234748617506,0.7935656836461126,0.8,29
0.9997640226276081,0.9999069288859128,0.09651474530831099,0.8,30
1.0,1.0,0.0,0.8,31
1.0,0.9999999999999999,0.0,0.8,32
1.0,1.0,0.0,0.8,33
0.999901013030244,0.999963805677855,0.03753351206434316,0.8,34
1.0,1.0,0.0,0.8,35
0.9999645374980496,0.9999870734563768,0.013404825737265416,0.8,36
0.9999928316439909,0.9999974146912753,0.002680965147453083,0.8,37
0.9992779420485877,0.9996768364094198,0.3351206434316354,0.8,38
1.0,1.0,0.0,0.8,39
0.9999430897768701,0.999979317530203,0.021447721179624665,0.8,40
0.9998327094286634,0.9999379525906087,0.064343163538874,0.8,41
0.9999146044907803,0.9999689762953042,0.032171581769437,0.8,42
0.9993048668332896,0.9997078601141155,0.30294906166219837,0.8,43
1.0,1.0,0.0,0.8,44
1.0,1.0,0.0,0.8,45
1.0,1.0,0.0,0.8,46
0.9998693920354584,0.9999508791342318,0.05093833780160858,0.8,47
1.0,0.9999999999999999,0.0,0.8,48
0.999844353775948,0.9999431232080578,0.058981233243967826,0.8,49
0.9999928316439908,0.9999974146912753,0.002680965147453083,0.8,50
1.0,0.9999999999999999,0.0,0.8,51
1.0,1.0,0.0,0.8,52
0.9992456807669082,0.9996949335704922,0.3163538873994638,0.8,53
0.9996786412971398,0.9998810757986665,0.12332439678284182,0.8,54
0.9996202075005887,0.9998578080201448,0.14745308310991956,0.8,55
1.0,1.0,0.0,0.8,56
0.9999715547464462,0.9999896587651014,0.010723860589812333,0.8,57
0.9999503697058657,0.9999819028389274,0.01876675603217158,0.8,58
0.9997758359808975,0.9999172701208114,0.08579088471849866,0.8,59
1.0,1.0,0.0,0.8,60
0.9999857015192136,0.9999948293825508,0.005361930294906166,0.8,61
0.9993674070112433,0.9997285425839126,0.28150134048257375,0.8,62
0.9999928316439908,0.9999974146912753,0.002680965147453083,0.8,63
0.994590479886317,0.9952404466379352,4.935656836461126,0.8,64
1.0,1.0,0.0,0.8,65
1.0,1.0,0.0,0.8,66
0.9985804599476131,0.9993665993624629,0.6568364611260054,0.8,67
0.9999153881784877,0.9999689762953043,0.032171581769437,0.8,68
0.9998669209432683,0.9999508791342318,0.05093833780160858,0.8,69
1.0,1.0,0.0,0.8,70
0.9999300009099883,0.9999741469127535,0.02680965147453083,0.8,71
1.0,1.0,0.0,0.8,72
1.0,1.0,0.0,0.8,73
1.0,1.0,0.0,0.8,74
1.0,0.9999999999999999,0.0,0.8,75
1.0,1.0,0.0,0.8,76
0.9998759498425276,0.9999534644429564,0.04825737265415549,0.8,77
1.0,1.0,0.0,0.8,78
1.0,1.0,0.0,0.8,79
0.9998635641146334,0.9999482938255071,0.05361930294906166,0.8,80
1.0,1.0,0.0,0.8,81
0.999412092015648,0.9997776634496809,0.23056300268096513,0.8,82
0.9998738855582532,0.9999534644429565,0.04825737265415549,0.8,83
1.0,1.0,0.0,0.8,84
0.9999506137999152,0.9999819028389275,0.01876675603217158,0.8,85
0.9998253005167075,0.9999327819731593,0.06970509383378017,0.8,86
1.0,1.0,0.0,0.8,87
1.0,1.0,0.0,0.8,88
0.9998963544401758,0.9999612203691304,0.040214477211796246,0.8,89
0.9984240336422476,0.9992967960268975,0.7292225201072386,0.8,90
0.9994610258389333,0.9997957606107533,0.21179624664879357,0.8,91
1.0,1.0,0.0,0.8,92
0.9999715547464462,0.9999896587651015,0.010723860589812333,0.8,93
0.9997942823772994,0.9999198554295361,0.08310991957104558,0.8,94
0.9984109807576753,0.9993665993624627,0.6568364611260054,0.8,95
0.9980681029914032,0.999113239107448,0.9195710455764075,0.8,96
0.9999928316439908,0.9999974146912753,0.002680965147453083,0.8,97
1.0,1.0,0.0,0.8,98
0.9991564389353462,0.9996483980134487,0.3646112600536193,0.8,99
1.0,1.0,0.0,0.9,0
1.0,1.0,0.0,0.9,1
1.0,1.0,0.0,0.9,2
1.0,1.0,0.0,0.9,3
1.0,1.0,0.0,0.9,4
1.0,1.0,0.0,0.9,5
1.0,1.0,0.0,0.9,6
1.0,1.0,0.0,0.9,7
1.0,1.0,0.0,0.9,8
1.0,1.0,0.0,0.9,9
1.0,1.0,0.0,0.9,10
1.0,1.0,0.0,0.9,11
0.999117596003626,0.9995268885033907,0.4906166219839142,0.9,12
1.0,1.0,0.0,0.9,13
1.0,1.0,0.0,0.9,14
1.0,1.0,0.0,0.9,15
1.0,1.0,0.0,0.9,16
1.0,1.0,0.0,0.9,17
1.0,1.0,0.0,0.9,18
1.0,0.9999999999999999,0.0,0.9,19
1.0,0.9999999999999999,0.0,0.9,20
1.0,1.0,0.0,0.9,21
1.0,0.9999999999999999,0.0,0.9,22
1.0,0.9999999999999999,0.0,0.9,23
1.0,1.0,0.0,0.9,24
1.0,1.0,0.0,0.9,25
1.0,1.0,0.0,0.9,26
1.0,1.0,0.0,0.9,27
1.0,1.0,0.0,0.9,28
1.0,1.0,0.0,0.9,29
1.0,1.0,0.0,0.9,30
1.0,1.0,0.0,0.9,31
1.0,1.0,0.0,0.9,32
1.0,1.0,0.0,0.9,33
1.0,1.0,0.0,0.9,34
1.0,1.0,0.0,0.9,35
1.0,1.0,0.0,0.9,36
1.0,1.0,0.0,0.9,37
1.0,1.0,0.0,0.9,38
1.0,1.0,0.0,0.9,39
1.0,1.0,0.0,0.9,40
1.0,1.0,0.0,0.9,41
1.0,1.0,0.0,0.9,42
1.0,1.0,0.0,0.9,43
1.0,1.0,0.0,0.9,44
1.0,1.0,0.0,0.9,45
0.9999928316439908,0.9999974146912753,0.002680965147453083,0.9,46
1.0,1.0,0.0,0.9,47
1.0,0.9999999999999999,0.0,0.9,48
1.0,1.0000000000000002,0.0,0.9,49
1.0,1.0,0.0,0.9,50
1.0,1.0,0.0,0.9,51
1.0,1.0,0.0,0.9,52
1.0,1.0,0.0,0.9,53
1.0,1.0,0.0,0.9,54
1.0,1.0,0.0,0.9,55
1.0,1.0,0.0,0.9,56
1.0,1.0,0.0,0.9,57
1.0,1.0,0.0,0.9,58
1.0,1.0,0.0,0.9,59
0.9999857015192136,0.9999948293825507,0.005361930294906166,0.9,60
1.0,1.0,0.0,0.9,61
1.0,1.0,0.0,0.9,62
0.9999999999999999,1.0,0.0,0.9,63
1.0,1.0,0.0,0.9,64
1.0,1.0,0.0,0.9,65
1.0,1.0,0.0,0.9,66
1.0,1.0,0.0,0.9,67
1.0,0.9999999999999999,0.0,0.9,68
1.0,1.0,0.0,0.9,69
1.0,1.0,0.0,0.9,70
1.0,1.0,0.0,0.9,71
1.0,1.0,0.0,0.9,72
1.0,1.0,0.0,0.9,73
1.0,0.9999999999999999,0.0,0.9,74
1.0,1.0,0.0,0.9,75
1.0,1.0,0.0,0.9,76
1.0,1.0,0.0,0.9,77
1.0,1.0,0.0,0.9,78
1.0,1.0,0.0,0.9,79
1.0,1.0,0.0,0.9,80
1.0,1.0,0.0,0.9,81
1.0,1.0,0.0,0.9,82
1.0,1.0,0.0,0.9,83
1.0,1.0,0.0,0.9,84
1.0,1.0,0.0,0.9,85
1.0,1.0,0.0,0.9,86
1.0,1.0,0.0,0.9,87
1.0,1.0,0.0,0.9,88
1.0,1.0,0.0,0.9,89
1.0,0.9999999999999999,0.0,0.9,90
0.9999030141807123,0.999963805677855,0.03753351206434316,0.9,91
1.0,1.0,0.0,0.9,92
1.0,1.0,0.0,0.9,93
1.0,1.0,0.0,0.9,94
1.0,1.0,0.0,0.9,95
1.0,1.0,0.0,0.9,96
1.0,1.0,0.0,0.9,97
1.0,1.0,0.0,0.9,98
1.0,1.0,0.0,0.9,99
1.0,1.0,0.0,1.0,0
1.0,1.0,0.0,1.0,1
1.0,1.0,0.0,1.0,2
1.0,1.0,0.0,1.0,3
1.0,1.0,0.0,1.0,4
1.0,1.0,0.0,1.0,5
1.0,1.0,0.0,1.0,6
1.0,1.0,0.0,1.0,7
1.0,1.0,0.0,1.0,8
1.0,1.0,0.0,1.0,9
1.0,1.0,0.0,1.0,10
1.0,1.0,0.0,1.0,11
1.0,1.0,0.0,1.0,12
1.0,1.0,0.0,1.0,13
1.0,1.0,0.0,1.0,14
1.0,1.0,0.0,1.0,15
1.0,1.0,0.0,1.0,16
1.0,1.0,0.0,1.0,17
1.0,1.0,0.0,1.0,18
1.0,1.0,0.0,1.0,19
1.0,1.0,0.0,1.0,20
1.0,1.0,0.0,1.0,21
1.0,1.0,0.0,1.0,22
1.0,1.0,0.0,1.0,23
1.0,1.0,0.0,1.0,24
1.0,1.0,0.0,1.0,25
1.0,1.0,0.0,1.0,26
1.0,1.0,0.0,1.0,27
1.0,1.0,0.0,1.0,28
1.0,1.0,0.0,1.0,29
1.0,1.0,0.0,1.0,30
1.0,1.0,0.0,1.0,31
1.0,1.0,0.0,1.0,32
1.0,1.0,0.0,1.0,33
1.0,1.0,0.0,1.0,34
1.0,1.0,0.0,1.0,35
1.0,1.0,0.0,1.0,36
1.0,1.0,0.0,1.0,37
1.0,1.0,0.0,1.0,38
1.0,1.0,0.0,1.0,39
1.0,1.0,0.0,1.0,40
1.0,1.0,0.0,1.0,41
1.0,1.0,0.0,1.0,42
1.0,1.0,0.0,1.0,43
1.0,1.0,0.0,1.0,44
1.0,1.0,0.0,1.0,45
1.0,1.0,0.0,1.0,46
1.0,1.0,0.0,1.0,47
1.0,1.0,0.0,1.0,48
1.0,1.0,0.0,1.0,49
1.0,1.0,0.0,1.0,50
1.0,1.0,0.0,1.0,51
1.0,1.0,0.0,1.0,52
1.0,1.0,0.0,1.0,53
1.0,1.0,0.0,1.0,54
1.0,1.0,0.0,1.0,55
1.0,1.0,0.0,1.0,56
1.0,1.0,0.0,1.0,57
1.0,1.0,0.0,1.0,58
1.0,1.0,0.0,1.0,59
1.0,1.0,0.0,1.0,60
1.0,1.0,0.0,1.0,61
1.0,1.0,0.0,1.0,62
1.0,1.0,0.0,1.0,63
1.0,1.0,0.0,1.0,64
1.0,1.0,0.0,1.0,65
1.0,1.0,0.0,1.0,66
1.0,1.0,0.0,1.0,67
1.0,1.0,0.0,1.0,68
1.0,1.0,0.0,1.0,69
1.0,1.0,0.0,1.0,70
1.0,1.0,0.0,1.0,71
1.0,1.0,0.0,1.0,72
1.0,1.0,0.0,1.0,73
1.0,1.0,0.0,1.0,74
1.0,1.0,0.0,1.0,75
1.0,1.0,0.0,1.0,76
1.0,1.0,0.0,1.0,77
1.0,1.0,0.0,1.0,78
1.0,1.0,0.0,1.0,79
1.0,1.0,0.0,1.0,80
1.0,1.0,0.0,1.0,81
1.0,1.0,0.0,1.0,82
1.0,1.0,0.0,1.0,83
1.0,1.0,0.0,1.0,84
1.0,1.0,0.0,1.0,85
1.0,1.0,0.0,1.0,86
1.0,1.0,0.0,1.0,87
1.0,1.0,0.0,1.0,88
1.0,1.0,0.0,1.0,89
1.0,1.0,0.0,1.0,90
1.0,1.0,0.0,1.0,91
1.0,1.0,0.0,1.0,92
1.0,1.0,0.0,1.0,93
1.0,1.0,0.0,1.0,94
1.0,1.0,0.0,1.0,95
1.0,1.0,0.0,1.0,96
1.0,1.0,0.0,1.0,97
1.0,1.0,0.0,1.0,98
1.0,1.0,0.0,1.0,99
